iso_code,continent,location,date,total_cases,new_cases,new_cases_smoothed,total_deaths,new_deaths,new_deaths_smoothed,total_cases_per_million,new_cases_per_million,new_cases_smoothed_per_million,total_deaths_per_million,new_deaths_per_million,new_deaths_smoothed_per_million,total_tests,new_tests,total_tests_per_thousand,new_tests_per_thousand,new_tests_smoothed,new_tests_smoothed_per_thousand,tests_per_case,positive_rate,tests_units,stringency_index,population,population_density,median_age,aged_65_older,aged_70_older,gdp_per_capita,extreme_poverty,cardiovasc_death_rate,diabetes_prevalence,female_smokers,male_smokers,handwashing_facilities,hospital_beds_per_thousand,life_expectancy,human_development_index
AUS,Oceania,Australia,2019-12-31,,0,,,0,,,0,,,0,,,,,,,,,,,,25499881,3.202,37.9,15.504,10.129,44648.71,0.5,107.791,5.07,13,16.5,,3.84,83.44,0.939
AUS,Oceania,Australia,2020-01-01,,0,,,0,,,0,,,0,,,,,,,,,,,0,25499881,3.202,37.9,15.504,10.129,44648.71,0.5,107.791,5.07,13,16.5,,3.84,83.44,0.939
AUS,Oceania,Australia,2020-01-02,,0,,,0,,,0,,,0,,,,,,,,,,,0,25499881,3.202,37.9,15.504,10.129,44648.71,0.5,107.791,5.07,13,16.5,,3.84,83.44,0.939
AUS,Oceania,Australia,2020-01-03,,0,,,0,,,0,,,0,,,,,,,,,,,0,25499881,3.202,37.9,15.504,10.129,44648.71,0.5,107.791,5.07,13,16.5,,3.84,83.44,0.939
AUS,Oceania,Australia,2020-01-04,,0,,,0,,,0,,,0,,,,,,,,,,,0,25499881,3.202,37.9,15.504,10.129,44648.71,0.5,107.791,5.07,13,16.5,,3.84,83.44,0.939
AUS,Oceania,Australia,2020-01-05,,0,,,0,,,0,,,0,,,,,,,,,,,0,25499881,3.202,37.9,15.504,10.129,44648.71,0.5,107.791,5.07,13,16.5,,3.84,83.44,0.939
AUS,Oceania,Australia,2020-01-06,,0,0,,0,0,,0,0,,0,0,,,,,,,,,,0,25499881,3.202,37.9,15.504,10.129,44648.71,0.5,107.791,5.07,13,16.5,,3.84,83.44,0.939
AUS,Oceania,Australia,2020-01-07,,0,0,,0,0,,0,0,,0,0,,,,,,,,,,0,25499881,3.202,37.9,15.504,10.129,44648.71,0.5,107.791,5.07,13,16.5,,3.84,83.44,0.939
AUS,Oceania,Australia,2020-01-08,,0,0,,0,0,,0,0,,0,0,,,,,,,,,,0,25499881,3.202,37.9,15.504,10.129,44648.71,0.5,107.791,5.07,13,16.5,,3.84,83.44,0.939
AUS,Oceania,Australia,2020-01-09,,0,0,,0,0,,0,0,,0,0,,,,,,,,,,0,25499881,3.202,37.9,15.504,10.129,44648.71,0.5,107.791,5.07,13,16.5,,3.84,83.44,0.939
AUS,Oceania,Australia,2020-01-10,,0,0,,0,0,,0,0,,0,0,,,,,,,,,,0,25499881,3.202,37.9,15.504,10.129,44648.71,0.5,107.791,5.07,13,16.5,,3.84,83.44,0.939
AUS,Oceania,Australia,2020-01-11,,0,0,,0,0,,0,0,,0,0,,,,,,,,,,0,25499881,3.202,37.9,15.504,10.129,44648.71,0.5,107.791,5.07,13,16.5,,3.84,83.44,0.939
AUS,Oceania,Australia,2020-01-12,,0,0,,0,0,,0,0,,0,0,,,,,,,,,,0,25499881,3.202,37.9,15.504,10.129,44648.71,0.5,107.791,5.07,13,16.5,,3.84,83.44,0.939
AUS,Oceania,Australia,2020-01-13,,0,0,,0,0,,0,0,,0,0,,,,,,,,,,0,25499881,3.202,37.9,15.504,10.129,44648.71,0.5,107.791,5.07,13,16.5,,3.84,83.44,0.939
AUS,Oceania,Australia,2020-01-14,,0,0,,0,0,,0,0,,0,0,,,,,,,,,,0,25499881,3.202,37.9,15.504,10.129,44648.71,0.5,107.791,5.07,13,16.5,,3.84,83.44,0.939
AUS,Oceania,Australia,2020-01-15,,0,0,,0,0,,0,0,,0,0,,,,,,,,,,0,25499881,3.202,37.9,15.504,10.129,44648.71,0.5,107.791,5.07,13,16.5,,3.84,83.44,0.939
AUS,Oceania,Australia,2020-01-16,,0,0,,0,0,,0,0,,0,0,,,,,,,,,,0,25499881,3.202,37.9,15.504,10.129,44648.71,0.5,107.791,5.07,13,16.5,,3.84,83.44,0.939
AUS,Oceania,Australia,2020-01-17,,0,0,,0,0,,0,0,,0,0,,,,,,,,,,0,25499881,3.202,37.9,15.504,10.129,44648.71,0.5,107.791,5.07,13,16.5,,3.84,83.44,0.939
AUS,Oceania,Australia,2020-01-18,,0,0,,0,0,,0,0,,0,0,,,,,,,,,,0,25499881,3.202,37.9,15.504,10.129,44648.71,0.5,107.791,5.07,13,16.5,,3.84,83.44,0.939
AUS,Oceania,Australia,2020-01-19,,0,0,,0,0,,0,0,,0,0,,,,,,,,,,0,25499881,3.202,37.9,15.504,10.129,44648.71,0.5,107.791,5.07,13,16.5,,3.84,83.44,0.939
AUS,Oceania,Australia,2020-01-20,,0,0,,0,0,,0,0,,0,0,,,,,,,,,,0,25499881,3.202,37.9,15.504,10.129,44648.71,0.5,107.791,5.07,13,16.5,,3.84,83.44,0.939
AUS,Oceania,Australia,2020-01-21,,0,0,,0,0,,0,0,,0,0,,,,,,,,,,0,25499881,3.202,37.9,15.504,10.129,44648.71,0.5,107.791,5.07,13,16.5,,3.84,83.44,0.939
AUS,Oceania,Australia,2020-01-22,,0,0,,0,0,,0,0,,0,0,,,,,,,,,,0,25499881,3.202,37.9,15.504,10.129,44648.71,0.5,107.791,5.07,13,16.5,,3.84,83.44,0.939
AUS,Oceania,Australia,2020-01-23,,0,0,,0,0,,0,0,,0,0,,,,,,,,,,0,25499881,3.202,37.9,15.504,10.129,44648.71,0.5,107.791,5.07,13,16.5,,3.84,83.44,0.939
AUS,Oceania,Australia,2020-01-24,,0,0,,0,0,,0,0,,0,0,,,,,,,,,,0,25499881,3.202,37.9,15.504,10.129,44648.71,0.5,107.791,5.07,13,16.5,,3.84,83.44,0.939
AUS,Oceania,Australia,2020-01-25,1,1,0.143,,0,0,0.039,0.039,0.006,,0,0,,,,,,,,,,11.11,25499881,3.202,37.9,15.504,10.129,44648.71,0.5,107.791,5.07,13,16.5,,3.84,83.44,0.939
AUS,Oceania,Australia,2020-01-26,4,3,0.571,,0,0,0.157,0.118,0.022,,0,0,,,,,,,,,,11.11,25499881,3.202,37.9,15.504,10.129,44648.71,0.5,107.791,5.07,13,16.5,,3.84,83.44,0.939
AUS,Oceania,Australia,2020-01-27,4,0,0.571,,0,0,0.157,0,0.022,,0,0,,,,,,,,,,11.11,25499881,3.202,37.9,15.504,10.129,44648.71,0.5,107.791,5.07,13,16.5,,3.84,83.44,0.939
AUS,Oceania,Australia,2020-01-28,4,0,0.571,,0,0,0.157,0,0.022,,0,0,,,,,,,,,,11.11,25499881,3.202,37.9,15.504,10.129,44648.71,0.5,107.791,5.07,13,16.5,,3.84,83.44,0.939
AUS,Oceania,Australia,2020-01-29,4,0,0.571,,0,0,0.157,0,0.022,,0,0,,,,,,,,,,11.11,25499881,3.202,37.9,15.504,10.129,44648.71,0.5,107.791,5.07,13,16.5,,3.84,83.44,0.939
AUS,Oceania,Australia,2020-01-30,6,2,0.857,,0,0,0.235,0.078,0.034,,0,0,,,,,,,,,,11.11,25499881,3.202,37.9,15.504,10.129,44648.71,0.5,107.791,5.07,13,16.5,,3.84,83.44,0.939
AUS,Oceania,Australia,2020-01-31,7,1,1,,0,0,0.275,0.039,0.039,,0,0,,,,,,,,,,11.11,25499881,3.202,37.9,15.504,10.129,44648.71,0.5,107.791,5.07,13,16.5,,3.84,83.44,0.939
AUS,Oceania,Australia,2020-02-01,9,2,1.143,,0,0,0.353,0.078,0.045,,0,0,,,,,,,,,,19.44,25499881,3.202,37.9,15.504,10.129,44648.71,0.5,107.791,5.07,13,16.5,,3.84,83.44,0.939
AUS,Oceania,Australia,2020-02-02,11,2,1,,0,0,0.431,0.078,0.039,,0,0,,,,,,,,,,19.44,25499881,3.202,37.9,15.504,10.129,44648.71,0.5,107.791,5.07,13,16.5,,3.84,83.44,0.939
AUS,Oceania,Australia,2020-02-03,11,0,1,,0,0,0.431,0,0.039,,0,0,,,,,,,,,,19.44,25499881,3.202,37.9,15.504,10.129,44648.71,0.5,107.791,5.07,13,16.5,,3.84,83.44,0.939
AUS,Oceania,Australia,2020-02-04,11,0,1,,0,0,0.431,0,0.039,,0,0,,,,,,,,,,19.44,25499881,3.202,37.9,15.504,10.129,44648.71,0.5,107.791,5.07,13,16.5,,3.84,83.44,0.939
AUS,Oceania,Australia,2020-02-05,12,1,1.143,,0,0,0.471,0.039,0.045,,0,0,,,,,,,,,,19.44,25499881,3.202,37.9,15.504,10.129,44648.71,0.5,107.791,5.07,13,16.5,,3.84,83.44,0.939
AUS,Oceania,Australia,2020-02-06,13,1,1,,0,0,0.51,0.039,0.039,,0,0,,,,,,,,,,19.44,25499881,3.202,37.9,15.504,10.129,44648.71,0.5,107.791,5.07,13,16.5,,3.84,83.44,0.939
AUS,Oceania,Australia,2020-02-07,14,1,1,,0,0,0.549,0.039,0.039,,0,0,,,,,,,,,,19.44,25499881,3.202,37.9,15.504,10.129,44648.71,0.5,107.791,5.07,13,16.5,,3.84,83.44,0.939
AUS,Oceania,Australia,2020-02-08,14,0,0.714,,0,0,0.549,0,0.028,,0,0,,,,,,,,,,19.44,25499881,3.202,37.9,15.504,10.129,44648.71,0.5,107.791,5.07,13,16.5,,3.84,83.44,0.939
AUS,Oceania,Australia,2020-02-09,14,0,0.429,,0,0,0.549,0,0.017,,0,0,,,,,,,,,,19.44,25499881,3.202,37.9,15.504,10.129,44648.71,0.5,107.791,5.07,13,16.5,,3.84,83.44,0.939
AUS,Oceania,Australia,2020-02-10,14,0,0.429,,0,0,0.549,0,0.017,,0,0,,,,,,,,,,19.44,25499881,3.202,37.9,15.504,10.129,44648.71,0.5,107.791,5.07,13,16.5,,3.84,83.44,0.939
AUS,Oceania,Australia,2020-02-11,14,0,0.429,,0,0,0.549,0,0.017,,0,0,,,,,,,,,,19.44,25499881,3.202,37.9,15.504,10.129,44648.71,0.5,107.791,5.07,13,16.5,,3.84,83.44,0.939
AUS,Oceania,Australia,2020-02-12,14,0,0.286,,0,0,0.549,0,0.011,,0,0,,,,,,,,,,19.44,25499881,3.202,37.9,15.504,10.129,44648.71,0.5,107.791,5.07,13,16.5,,3.84,83.44,0.939
AUS,Oceania,Australia,2020-02-13,14,0,0.143,,0,0,0.549,0,0.006,,0,0,,,,,,,,,,19.44,25499881,3.202,37.9,15.504,10.129,44648.71,0.5,107.791,5.07,13,16.5,,3.84,83.44,0.939
AUS,Oceania,Australia,2020-02-14,15,1,0.143,,0,0,0.588,0.039,0.006,,0,0,,,,,,,,,,19.44,25499881,3.202,37.9,15.504,10.129,44648.71,0.5,107.791,5.07,13,16.5,,3.84,83.44,0.939
AUS,Oceania,Australia,2020-02-15,15,0,0.143,,0,0,0.588,0,0.006,,0,0,,,,,,,,,,19.44,25499881,3.202,37.9,15.504,10.129,44648.71,0.5,107.791,5.07,13,16.5,,3.84,83.44,0.939
AUS,Oceania,Australia,2020-02-16,15,0,0.143,,0,0,0.588,0,0.006,,0,0,,,,,,,,,,19.44,25499881,3.202,37.9,15.504,10.129,44648.71,0.5,107.791,5.07,13,16.5,,3.84,83.44,0.939
AUS,Oceania,Australia,2020-02-17,15,0,0.143,,0,0,0.588,0,0.006,,0,0,,,,,,,,,,19.44,25499881,3.202,37.9,15.504,10.129,44648.71,0.5,107.791,5.07,13,16.5,,3.84,83.44,0.939
AUS,Oceania,Australia,2020-02-18,15,0,0.143,,0,0,0.588,0,0.006,,0,0,,,,,,,,,,19.44,25499881,3.202,37.9,15.504,10.129,44648.71,0.5,107.791,5.07,13,16.5,,3.84,83.44,0.939
AUS,Oceania,Australia,2020-02-19,15,0,0.143,,0,0,0.588,0,0.006,,0,0,,,,,,,,,,19.44,25499881,3.202,37.9,15.504,10.129,44648.71,0.5,107.791,5.07,13,16.5,,3.84,83.44,0.939
AUS,Oceania,Australia,2020-02-20,15,0,0.143,,0,0,0.588,0,0.006,,0,0,,,,,,,,,,19.44,25499881,3.202,37.9,15.504,10.129,44648.71,0.5,107.791,5.07,13,16.5,,3.84,83.44,0.939
AUS,Oceania,Australia,2020-02-21,17,2,0.286,,0,0,0.667,0.078,0.011,,0,0,,,,,,,,,,19.44,25499881,3.202,37.9,15.504,10.129,44648.71,0.5,107.791,5.07,13,16.5,,3.84,83.44,0.939
AUS,Oceania,Australia,2020-02-22,21,4,0.857,,0,0,0.824,0.157,0.034,,0,0,,,,,,,,,,19.44,25499881,3.202,37.9,15.504,10.129,44648.71,0.5,107.791,5.07,13,16.5,,3.84,83.44,0.939
AUS,Oceania,Australia,2020-02-23,22,1,1,,0,0,0.863,0.039,0.039,,0,0,,,,,,,,,,19.44,25499881,3.202,37.9,15.504,10.129,44648.71,0.5,107.791,5.07,13,16.5,,3.84,83.44,0.939
AUS,Oceania,Australia,2020-02-24,22,0,1,,0,0,0.863,0,0.039,,0,0,,,,,,,,,,19.44,25499881,3.202,37.9,15.504,10.129,44648.71,0.5,107.791,5.07,13,16.5,,3.84,83.44,0.939
AUS,Oceania,Australia,2020-02-25,22,0,1,,0,0,0.863,0,0.039,,0,0,,,,,,,,,,19.44,25499881,3.202,37.9,15.504,10.129,44648.71,0.5,107.791,5.07,13,16.5,,3.84,83.44,0.939
AUS,Oceania,Australia,2020-02-26,22,0,1,,0,0,0.863,0,0.039,,0,0,,,,,,,,,,19.44,25499881,3.202,37.9,15.504,10.129,44648.71,0.5,107.791,5.07,13,16.5,,3.84,83.44,0.939
AUS,Oceania,Australia,2020-02-27,23,1,1.143,,0,0,0.902,0.039,0.045,,0,0,,,,,,,,,,19.44,25499881,3.202,37.9,15.504,10.129,44648.71,0.5,107.791,5.07,13,16.5,,3.84,83.44,0.939
AUS,Oceania,Australia,2020-02-28,23,0,0.857,,0,0,0.902,0,0.034,,0,0,,,,,,,,,,19.44,25499881,3.202,37.9,15.504,10.129,44648.71,0.5,107.791,5.07,13,16.5,,3.84,83.44,0.939
AUS,Oceania,Australia,2020-02-29,25,2,0.571,,0,0,0.98,0.078,0.022,,0,0,,,,,,,,,,19.44,25499881,3.202,37.9,15.504,10.129,44648.71,0.5,107.791,5.07,13,16.5,,3.84,83.44,0.939
AUS,Oceania,Australia,2020-03-01,26,1,0.571,1,1,0.143,1.02,0.039,0.022,0.039,0.039,0.006,,,,,,,,,,19.44,25499881,3.202,37.9,15.504,10.129,44648.71,0.5,107.791,5.07,13,16.5,,3.84,83.44,0.939
AUS,Oceania,Australia,2020-03-02,29,3,1,1,0,0.143,1.137,0.118,0.039,0.039,0,0.006,,,,,,,,,,19.44,25499881,3.202,37.9,15.504,10.129,44648.71,0.5,107.791,5.07,13,16.5,,3.84,83.44,0.939
AUS,Oceania,Australia,2020-03-03,33,4,1.571,1,0,0.143,1.294,0.157,0.062,0.039,0,0.006,,,,,,,,,,19.44,25499881,3.202,37.9,15.504,10.129,44648.71,0.5,107.791,5.07,13,16.5,,3.84,83.44,0.939
AUS,Oceania,Australia,2020-03-04,41,8,2.714,1,0,0.143,1.608,0.314,0.106,0.039,0,0.006,,,,,,,,,,19.44,25499881,3.202,37.9,15.504,10.129,44648.71,0.5,107.791,5.07,13,16.5,,3.84,83.44,0.939
AUS,Oceania,Australia,2020-03-05,52,11,4.143,2,1,0.286,2.039,0.431,0.162,0.078,0.039,0.011,,,,,,,,,,19.44,25499881,3.202,37.9,15.504,10.129,44648.71,0.5,107.791,5.07,13,16.5,,3.84,83.44,0.939
AUS,Oceania,Australia,2020-03-06,59,7,5.143,2,0,0.286,2.314,0.275,0.202,0.078,0,0.011,,,,,,,,,,19.44,25499881,3.202,37.9,15.504,10.129,44648.71,0.5,107.791,5.07,13,16.5,,3.84,83.44,0.939
AUS,Oceania,Australia,2020-03-07,63,4,5.429,2,0,0.286,2.471,0.157,0.213,0.078,0,0.011,,,,,,,,,,19.44,25499881,3.202,37.9,15.504,10.129,44648.71,0.5,107.791,5.07,13,16.5,,3.84,83.44,0.939
AUS,Oceania,Australia,2020-03-08,74,11,6.857,3,1,0.286,2.902,0.431,0.269,0.118,0.039,0.011,,,,,,,,,,19.44,25499881,3.202,37.9,15.504,10.129,44648.71,0.5,107.791,5.07,13,16.5,,3.84,83.44,0.939
AUS,Oceania,Australia,2020-03-09,80,6,7.286,3,0,0.286,3.137,0.235,0.286,0.118,0,0.011,,,,,,,,,,19.44,25499881,3.202,37.9,15.504,10.129,44648.71,0.5,107.791,5.07,13,16.5,,3.84,83.44,0.939
AUS,Oceania,Australia,2020-03-10,100,20,9.571,3,0,0.286,3.922,0.784,0.375,0.118,0,0.011,,,,,,,,,,19.44,25499881,3.202,37.9,15.504,10.129,44648.71,0.5,107.791,5.07,13,16.5,,3.84,83.44,0.939
AUS,Oceania,Australia,2020-03-11,112,12,10.143,3,0,0.286,4.392,0.471,0.398,0.118,0,0.011,,,,,,,,,,19.44,25499881,3.202,37.9,15.504,10.129,44648.71,0.5,107.791,5.07,13,16.5,,3.84,83.44,0.939
AUS,Oceania,Australia,2020-03-12,126,14,10.571,3,0,0.143,4.941,0.549,0.415,0.118,0,0.006,,,,,,,,,,19.44,25499881,3.202,37.9,15.504,10.129,44648.71,0.5,107.791,5.07,13,16.5,,3.84,83.44,0.939
AUS,Oceania,Australia,2020-03-13,156,30,13.857,3,0,0.143,6.118,1.176,0.543,0.118,0,0.006,,,,,,,,,,19.44,25499881,3.202,37.9,15.504,10.129,44648.71,0.5,107.791,5.07,13,16.5,,3.84,83.44,0.939
AUS,Oceania,Australia,2020-03-14,197,41,19.143,3,0,0.143,7.726,1.608,0.751,0.118,0,0.006,,,,,,,,,,19.44,25499881,3.202,37.9,15.504,10.129,44648.71,0.5,107.791,5.07,13,16.5,,3.84,83.44,0.939
AUS,Oceania,Australia,2020-03-15,249,52,25,3,0,0,9.765,2.039,0.98,0.118,0,0,,,,,,,,,,19.44,25499881,3.202,37.9,15.504,10.129,44648.71,0.5,107.791,5.07,13,16.5,,3.84,83.44,0.939
AUS,Oceania,Australia,2020-03-16,298,49,31.143,5,2,0.286,11.686,1.922,1.221,0.196,0.078,0.011,,,,,,,,,,30.56,25499881,3.202,37.9,15.504,10.129,44648.71,0.5,107.791,5.07,13,16.5,,3.84,83.44,0.939
AUS,Oceania,Australia,2020-03-17,375,77,39.286,5,0,0.286,14.706,3.02,1.541,0.196,0,0.011,,,,,,,,,,30.56,25499881,3.202,37.9,15.504,10.129,44648.71,0.5,107.791,5.07,13,16.5,,3.84,83.44,0.939
AUS,Oceania,Australia,2020-03-18,454,79,48.857,5,0,0.286,17.804,3.098,1.916,0.196,0,0.011,,,,,,,,,,36.11,25499881,3.202,37.9,15.504,10.129,44648.71,0.5,107.791,5.07,13,16.5,,3.84,83.44,0.939
AUS,Oceania,Australia,2020-03-19,565,111,62.714,6,1,0.429,22.157,4.353,2.459,0.235,0.039,0.017,,,,,,,,,,44.44,25499881,3.202,37.9,15.504,10.129,44648.71,0.5,107.791,5.07,13,16.5,,3.84,83.44,0.939
AUS,Oceania,Australia,2020-03-20,709,144,79,6,0,0.429,27.804,5.647,3.098,0.235,0,0.017,,,,,,,,,,47.22,25499881,3.202,37.9,15.504,10.129,44648.71,0.5,107.791,5.07,13,16.5,,3.84,83.44,0.939
AUS,Oceania,Australia,2020-03-21,874,165,96.714,7,1,0.571,34.275,6.471,3.793,0.275,0.039,0.022,,,,,,,,,,47.22,25499881,3.202,37.9,15.504,10.129,44648.71,0.5,107.791,5.07,13,16.5,,3.84,83.44,0.939
AUS,Oceania,Australia,2020-03-22,1098,224,121.286,7,0,0.571,43.059,8.784,4.756,0.275,0,0.022,143056,,5.61,,,,,,tests performed,47.22,25499881,3.202,37.9,15.504,10.129,44648.71,0.5,107.791,5.07,13,16.5,,3.84,83.44,0.939
AUS,Oceania,Australia,2020-03-23,1709,611,201.571,7,0,0.286,67.02,23.961,7.905,0.275,0,0.011,,,,,,,,,tests performed,52.78,25499881,3.202,37.9,15.504,10.129,44648.71,0.5,107.791,5.07,13,16.5,,3.84,83.44,0.939
AUS,Oceania,Australia,2020-03-24,1823,114,206.857,7,0,0.286,71.491,4.471,8.112,0.275,0,0.011,,,,,,,,,tests performed,68.52,25499881,3.202,37.9,15.504,10.129,44648.71,0.5,107.791,5.07,13,16.5,,3.84,83.44,0.939
AUS,Oceania,Australia,2020-03-25,2423,600,281.286,8,1,0.429,95.02,23.53,11.031,0.314,0.039,0.017,,,,,,,,,tests performed,68.52,25499881,3.202,37.9,15.504,10.129,44648.71,0.5,107.791,5.07,13,16.5,,3.84,83.44,0.939
AUS,Oceania,Australia,2020-03-26,2799,376,319.143,11,3,0.714,109.765,14.745,12.515,0.431,0.118,0.028,,,,,,,,,tests performed,68.52,25499881,3.202,37.9,15.504,10.129,44648.71,0.5,107.791,5.07,13,16.5,,3.84,83.44,0.939
AUS,Oceania,Australia,2020-03-27,3166,367,351,13,2,1,124.157,14.392,13.765,0.51,0.078,0.039,,,,,,,,,tests performed,68.52,25499881,3.202,37.9,15.504,10.129,44648.71,0.5,107.791,5.07,13,16.5,,3.84,83.44,0.939
AUS,Oceania,Australia,2020-03-28,3378,212,357.714,13,0,0.857,132.471,8.314,14.028,0.51,0,0.034,,,,,,,,,tests performed,68.52,25499881,3.202,37.9,15.504,10.129,44648.71,0.5,107.791,5.07,13,16.5,,3.84,83.44,0.939
AUS,Oceania,Australia,2020-03-29,3809,431,387.286,14,1,1,149.373,16.902,15.188,0.549,0.039,0.039,211261,,8.285,,9744,0.382,25.16,0.04,tests performed,71.3,25499881,3.202,37.9,15.504,10.129,44648.71,0.5,107.791,5.07,13,16.5,,3.84,83.44,0.939
AUS,Oceania,Australia,2020-03-30,4093,284,340.571,16,2,1.286,160.511,11.137,13.356,0.627,0.078,0.05,,,,,10105,0.396,29.671,0.034,tests performed,71.3,25499881,3.202,37.9,15.504,10.129,44648.71,0.5,107.791,5.07,13,16.5,,3.84,83.44,0.939
AUS,Oceania,Australia,2020-03-31,4557,464,390.571,19,3,1.714,178.707,18.196,15.317,0.745,0.118,0.067,,,,,10466,0.41,26.797,0.037,tests performed,71.3,25499881,3.202,37.9,15.504,10.129,44648.71,0.5,107.791,5.07,13,16.5,,3.84,83.44,0.939
AUS,Oceania,Australia,2020-04-01,4707,150,326.286,20,1,1.714,184.589,5.882,12.796,0.784,0.039,0.067,,,,,10827,0.425,33.183,0.03,tests performed,71.3,25499881,3.202,37.9,15.504,10.129,44648.71,0.5,107.791,5.07,13,16.5,,3.84,83.44,0.939
AUS,Oceania,Australia,2020-04-02,4976,269,311,21,1,1.429,195.138,10.549,12.196,0.824,0.039,0.056,,,,,11187,0.439,35.971,0.028,tests performed,73.15,25499881,3.202,37.9,15.504,10.129,44648.71,0.5,107.791,5.07,13,16.5,,3.84,83.44,0.939
AUS,Oceania,Australia,2020-04-03,5224,248,294,23,2,1.429,204.864,9.726,11.529,0.902,0.078,0.056,,,,,11548,0.453,39.279,0.025,tests performed,73.15,25499881,3.202,37.9,15.504,10.129,44648.71,0.5,107.791,5.07,13,16.5,,3.84,83.44,0.939
AUS,Oceania,Australia,2020-04-04,5548,324,310,30,7,2.429,217.57,12.706,12.157,1.176,0.275,0.095,,,,,11909,0.467,38.416,0.026,tests performed,73.15,25499881,3.202,37.9,15.504,10.129,44648.71,0.5,107.791,5.07,13,16.5,,3.84,83.44,0.939
AUS,Oceania,Australia,2020-04-05,5687,139,268.286,34,4,2.857,223.021,5.451,10.521,1.333,0.157,0.112,297154,,11.653,,12270,0.481,45.735,0.022,tests performed,73.15,25499881,3.202,37.9,15.504,10.129,44648.71,0.5,107.791,5.07,13,16.5,,3.84,83.44,0.939
AUS,Oceania,Australia,2020-04-06,5744,57,235.857,36,2,2.857,225.256,2.235,9.249,1.412,0.078,0.112,302663,5509,11.869,0.216,11305,0.443,47.932,0.021,tests performed,73.15,25499881,3.202,37.9,15.504,10.129,44648.71,0.5,107.791,5.07,13,16.5,,3.84,83.44,0.939
AUS,Oceania,Australia,2020-04-07,5844,100,183.857,42,6,3.286,229.178,3.922,7.21,1.647,0.235,0.129,310700,8037,12.184,0.315,10700,0.42,58.197,0.017,tests performed,73.15,25499881,3.202,37.9,15.504,10.129,44648.71,0.5,107.791,5.07,13,16.5,,3.84,83.44,0.939
AUS,Oceania,Australia,2020-04-08,5956,112,178.429,45,3,3.571,233.57,4.392,6.997,1.765,0.118,0.14,319368,8668,12.524,0.34,10185,0.399,57.082,0.018,tests performed,73.15,25499881,3.202,37.9,15.504,10.129,44648.71,0.5,107.791,5.07,13,16.5,,3.84,83.44,0.939
AUS,Oceania,Australia,2020-04-09,6052,96,153.714,50,5,4.143,237.334,3.765,6.028,1.961,0.196,0.162,330134,10766,12.946,0.422,9970,0.391,64.861,0.015,tests performed,73.15,25499881,3.202,37.9,15.504,10.129,44648.71,0.5,107.791,5.07,13,16.5,,3.84,83.44,0.939
AUS,Oceania,Australia,2020-04-10,6152,100,132.571,52,2,4.143,241.256,3.922,5.199,2.039,0.078,0.162,338346,8212,13.269,0.322,9390,0.368,70.83,0.014,tests performed,73.15,25499881,3.202,37.9,15.504,10.129,44648.71,0.5,107.791,5.07,13,16.5,,3.84,83.44,0.939
AUS,Oceania,Australia,2020-04-11,6238,86,98.571,54,2,3.429,244.629,3.373,3.866,2.118,0.078,0.134,347847,9501,13.641,0.373,8995,0.353,91.254,0.011,tests performed,73.15,25499881,3.202,37.9,15.504,10.129,44648.71,0.5,107.791,5.07,13,16.5,,3.84,83.44,0.939
AUS,Oceania,Australia,2020-04-12,6289,51,86,57,3,3.286,246.629,2,3.373,2.235,0.118,0.129,353941,6094,13.88,0.239,8112,0.318,94.326,0.011,tests performed,73.15,25499881,3.202,37.9,15.504,10.129,44648.71,0.5,107.791,5.07,13,16.5,,3.84,83.44,0.939
AUS,Oceania,Australia,2020-04-13,6322,33,82.571,61,4,3.571,247.923,1.294,3.238,2.392,0.157,0.14,362136,8195,14.201,0.321,8496,0.333,102.893,0.01,tests performed,73.15,25499881,3.202,37.9,15.504,10.129,44648.71,0.5,107.791,5.07,13,16.5,,3.84,83.44,0.939
AUS,Oceania,Australia,2020-04-14,6366,44,74.571,61,0,2.714,249.648,1.725,2.924,2.392,0,0.106,366493,4357,14.372,0.171,7970,0.313,106.877,0.009,tests performed,73.15,25499881,3.202,37.9,15.504,10.129,44648.71,0.5,107.791,5.07,13,16.5,,3.84,83.44,0.939
AUS,Oceania,Australia,2020-04-15,6416,50,65.714,61,0,2.286,251.609,1.961,2.577,2.392,0,0.09,371377,4884,14.564,0.192,7430,0.291,113.065,0.009,tests performed,73.15,25499881,3.202,37.9,15.504,10.129,44648.71,0.5,107.791,5.07,13,16.5,,3.84,83.44,0.939
AUS,Oceania,Australia,2020-04-16,6458,42,58,63,2,1.857,253.256,1.647,2.275,2.471,0.078,0.073,380003,8626,14.902,0.338,7124,0.279,122.828,0.008,tests performed,73.15,25499881,3.202,37.9,15.504,10.129,44648.71,0.5,107.791,5.07,13,16.5,,3.84,83.44,0.939
AUS,Oceania,Australia,2020-04-17,6497,39,49.286,63,0,1.571,254.786,1.529,1.933,2.471,0,0.062,391530,11527,15.354,0.452,7598,0.298,154.162,0.006,tests performed,73.15,25499881,3.202,37.9,15.504,10.129,44648.71,0.5,107.791,5.07,13,16.5,,3.84,83.44,0.939
AUS,Oceania,Australia,2020-04-18,6533,36,42.143,67,4,1.857,256.197,1.412,1.653,2.627,0.157,0.073,406510,14980,15.942,0.587,8380,0.329,198.847,0.005,tests performed,69.44,25499881,3.202,37.9,15.504,10.129,44648.71,0.5,107.791,5.07,13,16.5,,3.84,83.44,0.939
AUS,Oceania,Australia,2020-04-19,6586,53,42.429,69,2,1.714,258.276,2.078,1.664,2.706,0.078,0.067,420996,14486,16.51,0.568,9579,0.376,225.768,0.004,tests performed,69.44,25499881,3.202,37.9,15.504,10.129,44648.71,0.5,107.791,5.07,13,16.5,,3.84,83.44,0.939
AUS,Oceania,Australia,2020-04-20,6612,26,41.429,70,1,1.286,259.295,1.02,1.625,2.745,0.039,0.05,431734,10738,16.931,0.421,9943,0.39,240.003,0.004,tests performed,69.44,25499881,3.202,37.9,15.504,10.129,44648.71,0.5,107.791,5.07,13,16.5,,3.84,83.44,0.939
AUS,Oceania,Australia,2020-04-21,6625,13,37,71,1,1.429,259.805,0.51,1.451,2.784,0.039,0.056,439842,8108,17.249,0.318,10478,0.411,283.189,0.004,tests performed,69.44,25499881,3.202,37.9,15.504,10.129,44648.71,0.5,107.791,5.07,13,16.5,,3.84,83.44,0.939
AUS,Oceania,Australia,2020-04-22,6647,22,33,74,3,1.857,260.668,0.863,1.294,2.902,0.118,0.073,452441,12599,17.743,0.494,11581,0.454,350.939,0.003,tests performed,69.44,25499881,3.202,37.9,15.504,10.129,44648.71,0.5,107.791,5.07,13,16.5,,3.84,83.44,0.939
AUS,Oceania,Australia,2020-04-23,6654,7,28,74,0,1.571,260.942,0.275,1.098,2.902,0,0.062,466659,14218,18.3,0.558,12379,0.485,442.107,0.002,tests performed,69.44,25499881,3.202,37.9,15.504,10.129,44648.71,0.5,107.791,5.07,13,16.5,,3.84,83.44,0.939
AUS,Oceania,Australia,2020-04-24,6667,13,24.286,75,1,1.714,261.452,0.51,0.952,2.941,0.039,0.067,482370,15711,18.917,0.616,12977,0.509,534.347,0.002,tests performed,69.44,25499881,3.202,37.9,15.504,10.129,44648.71,0.5,107.791,5.07,13,16.5,,3.84,83.44,0.939
AUS,Oceania,Australia,2020-04-25,6687,20,22,79,4,1.714,262.237,0.784,0.863,3.098,0.157,0.067,494257,11887,19.383,0.466,12535,0.492,569.773,0.002,tests performed,69.44,25499881,3.202,37.9,15.504,10.129,44648.71,0.5,107.791,5.07,13,16.5,,3.84,83.44,0.939
AUS,Oceania,Australia,2020-04-26,6703,16,16.714,81,2,1.714,262.864,0.627,0.655,3.176,0.078,0.067,506449,12192,19.861,0.478,12208,0.479,730.393,0.001,tests performed,69.44,25499881,3.202,37.9,15.504,10.129,44648.71,0.5,107.791,5.07,13,16.5,,3.84,83.44,0.939
AUS,Oceania,Australia,2020-04-27,6713,10,14.429,83,2,1.857,263.256,0.392,0.566,3.255,0.078,0.073,517063,10614,20.277,0.416,12190,0.478,844.851,0.001,tests performed,69.44,25499881,3.202,37.9,15.504,10.129,44648.71,0.5,107.791,5.07,13,16.5,,3.84,83.44,0.939
AUS,Oceania,Australia,2020-04-28,6725,12,14.286,84,1,1.857,263.727,0.471,0.56,3.294,0.039,0.073,530679,13616,20.811,0.534,12977,0.509,908.39,0.001,tests performed,69.44,25499881,3.202,37.9,15.504,10.129,44648.71,0.5,107.791,5.07,13,16.5,,3.84,83.44,0.939
AUS,Oceania,Australia,2020-04-29,6738,13,13,88,4,2,264.237,0.51,0.51,3.451,0.157,0.078,544410,13731,21.35,0.538,13138,0.515,1010.615,0.001,tests performed,69.44,25499881,3.202,37.9,15.504,10.129,44648.71,0.5,107.791,5.07,13,16.5,,3.84,83.44,0.939
AUS,Oceania,Australia,2020-04-30,6746,8,13.143,90,2,2.286,264.55,0.314,0.515,3.529,0.078,0.09,563641,19231,22.104,0.754,13855,0.543,1054.185,0.001,tests performed,69.44,25499881,3.202,37.9,15.504,10.129,44648.71,0.5,107.791,5.07,13,16.5,,3.84,83.44,0.939
AUS,Oceania,Australia,2020-05-01,6762,16,13.571,92,2,2.429,265.178,0.627,0.532,3.608,0.078,0.095,588868,25227,23.093,0.989,15214,0.597,1121.032,0.001,tests performed,69.44,25499881,3.202,37.9,15.504,10.129,44648.71,0.5,107.791,5.07,13,16.5,,3.84,83.44,0.939
AUS,Oceania,Australia,2020-05-02,6767,5,11.429,93,1,2,265.374,0.196,0.448,3.647,0.039,0.078,611583,22715,23.984,0.891,16761,0.657,1466.587,0.001,tests performed,69.44,25499881,3.202,37.9,15.504,10.129,44648.71,0.5,107.791,5.07,13,16.5,,3.84,83.44,0.939
AUS,Oceania,Australia,2020-05-03,6783,16,11.429,93,0,1.714,266.001,0.627,0.448,3.647,0,0.067,633107,21524,24.828,0.844,18094,0.71,1583.225,0.001,tests performed,69.44,25499881,3.202,37.9,15.504,10.129,44648.71,0.5,107.791,5.07,13,16.5,,3.84,83.44,0.939
AUS,Oceania,Australia,2020-05-04,6801,18,12.571,95,2,1.714,266.707,0.706,0.493,3.726,0.078,0.067,650214,17107,25.499,0.671,19022,0.746,1513.114,0.001,tests performed,69.44,25499881,3.202,37.9,15.504,10.129,44648.71,0.5,107.791,5.07,13,16.5,,3.84,83.44,0.939
AUS,Oceania,Australia,2020-05-05,6825,24,14.286,95,0,1.571,267.648,0.941,0.56,3.726,0,0.062,664756,14542,26.069,0.57,19154,0.751,1340.78,0.001,tests performed,69.44,25499881,3.202,37.9,15.504,10.129,44648.71,0.5,107.791,5.07,13,16.5,,3.84,83.44,0.939
AUS,Oceania,Australia,2020-05-06,6849,24,15.857,96,1,1.143,268.589,0.941,0.622,3.765,0.039,0.045,688656,23900,27.006,0.937,20607,0.808,1299.541,0.001,tests performed,69.44,25499881,3.202,37.9,15.504,10.129,44648.71,0.5,107.791,5.07,13,16.5,,3.84,83.44,0.939
AUS,Oceania,Australia,2020-05-07,6875,26,18.429,97,1,1,269.609,1.02,0.723,3.804,0.039,0.039,722549,33893,28.335,1.329,22701,0.89,1231.837,0.001,tests performed,69.44,25499881,3.202,37.9,15.504,10.129,44648.71,0.5,107.791,5.07,13,16.5,,3.84,83.44,0.939
AUS,Oceania,Australia,2020-05-08,6896,21,19.143,97,0,0.714,270.433,0.824,0.751,3.804,0,0.028,757250,34701,29.696,1.361,24055,0.943,1256.604,0.001,tests performed,69.44,25499881,3.202,37.9,15.504,10.129,44648.71,0.5,107.791,5.07,13,16.5,,3.84,83.44,0.939
AUS,Oceania,Australia,2020-05-09,6914,18,21,97,0,0.571,271.139,0.706,0.824,3.804,0,0.022,795456,38206,31.194,1.498,26268,1.03,1250.857,0.001,tests performed,69.44,25499881,3.202,37.9,15.504,10.129,44648.71,0.5,107.791,5.07,13,16.5,,3.84,83.44,0.939
AUS,Oceania,Australia,2020-05-10,6929,15,20.857,97,0,0.571,271.727,0.588,0.818,3.804,0,0.022,827872,32416,32.466,1.271,27824,1.091,1334.027,0.001,tests performed,69.44,25499881,3.202,37.9,15.504,10.129,44648.71,0.5,107.791,5.07,13,16.5,,3.84,83.44,0.939
AUS,Oceania,Australia,2020-05-11,6941,12,20,97,0,0.286,272.197,0.471,0.784,3.804,0,0.011,855119,27247,33.534,1.069,29272,1.148,1463.6,0.001,tests performed,69.44,25499881,3.202,37.9,15.504,10.129,44648.71,0.5,107.791,5.07,13,16.5,,3.84,83.44,0.939
AUS,Oceania,Australia,2020-05-12,6948,7,17.571,97,0,0.286,272.472,0.275,0.689,3.804,0,0.011,877927,22808,34.429,0.894,30453,1.194,1733.098,0.001,tests performed,69.44,25499881,3.202,37.9,15.504,10.129,44648.71,0.5,107.791,5.07,13,16.5,,3.84,83.44,0.939
AUS,Oceania,Australia,2020-05-13,6964,16,16.429,97,0,0.143,273.099,0.627,0.644,3.804,0,0.006,909025,31098,35.648,1.22,31481,1.235,1916.235,0.001,tests performed,69.44,25499881,3.202,37.9,15.504,10.129,44648.71,0.5,107.791,5.07,13,16.5,,3.84,83.44,0.939
AUS,Oceania,Australia,2020-05-14,6975,11,14.286,98,1,0.143,273.531,0.431,0.56,3.843,0.039,0.006,943480,34455,36.999,1.351,31562,1.238,2209.34,0,tests performed,69.44,25499881,3.202,37.9,15.504,10.129,44648.71,0.5,107.791,5.07,13,16.5,,3.84,83.44,0.939
AUS,Oceania,Australia,2020-05-15,6989,14,13.286,98,0,0.143,274.08,0.549,0.521,3.843,0,0.006,983816,40336,38.581,1.582,32367,1.269,2436.226,0,tests performed,65.74,25499881,3.202,37.9,15.504,10.129,44648.71,0.5,107.791,5.07,13,16.5,,3.84,83.44,0.939
AUS,Oceania,Australia,2020-05-16,7019,30,15,98,0,0.143,275.256,1.176,0.588,3.843,0,0.006,1015652,31836,39.83,1.248,31457,1.234,2097.133,0,tests performed,64.35,25499881,3.202,37.9,15.504,10.129,44648.71,0.5,107.791,5.07,13,16.5,,3.84,83.44,0.939
AUS,Oceania,Australia,2020-05-17,7036,17,15.286,98,0,0.143,275.923,0.667,0.599,3.843,0,0.006,1042126,26474,40.868,1.038,30608,1.2,2002.393,0,tests performed,64.35,25499881,3.202,37.9,15.504,10.129,44648.71,0.5,107.791,5.07,13,16.5,,3.84,83.44,0.939
AUS,Oceania,Australia,2020-05-18,7045,9,14.857,98,0,0.143,276.276,0.353,0.583,3.843,0,0.006,1062034,19908,41.649,0.781,29559,1.159,1989.548,0.001,tests performed,67.13,25499881,3.202,37.9,15.504,10.129,44648.71,0.5,107.791,5.07,13,16.5,,3.84,83.44,0.939
AUS,Oceania,Australia,2020-05-19,7060,15,16,99,1,0.286,276.864,0.588,0.627,3.882,0.039,0.011,1085870,23836,42.583,0.935,29706,1.165,1856.625,0.001,tests performed,67.13,25499881,3.202,37.9,15.504,10.129,44648.71,0.5,107.791,5.07,13,16.5,,3.84,83.44,0.939
AUS,Oceania,Australia,2020-05-20,7068,8,14.857,99,0,0.286,277.178,0.314,0.583,3.882,0,0.011,1111567,25697,43.591,1.008,28935,1.135,1947.548,0.001,tests performed,67.13,25499881,3.202,37.9,15.504,10.129,44648.71,0.5,107.791,5.07,13,16.5,,3.84,83.44,0.939
AUS,Oceania,Australia,2020-05-21,7079,11,14.857,100,1,0.286,277.609,0.431,0.583,3.922,0.039,0.011,1137684,26117,44.615,1.024,27743,1.088,1867.317,0.001,tests performed,67.13,25499881,3.202,37.9,15.504,10.129,44648.71,0.5,107.791,5.07,13,16.5,,3.84,83.44,0.939
AUS,Oceania,Australia,2020-05-22,7081,2,13.143,100,0,0.286,277.688,0.078,0.515,3.922,0,0.011,1170682,32998,45.909,1.294,26695,1.047,2031.141,0,tests performed,67.13,25499881,3.202,37.9,15.504,10.129,44648.71,0.5,107.791,5.07,13,16.5,,3.84,83.44,0.939
AUS,Oceania,Australia,2020-05-23,7095,14,10.857,101,1,0.429,278.237,0.549,0.426,3.961,0.039,0.017,1192262,21580,46.756,0.846,25230,0.989,2323.816,0,tests performed,67.13,25499881,3.202,37.9,15.504,10.129,44648.71,0.5,107.791,5.07,13,16.5,,3.84,83.44,0.939
AUS,Oceania,Australia,2020-05-24,7106,11,10,102,1,0.571,278.668,0.431,0.392,4,0.039,0.022,1224795,32533,48.031,1.276,26096,1.023,2609.6,0,tests performed,67.13,25499881,3.202,37.9,15.504,10.129,44648.71,0.5,107.791,5.07,13,16.5,,3.84,83.44,0.939
AUS,Oceania,Australia,2020-05-25,7109,3,9.143,102,0,0.571,278.786,0.118,0.359,4,0,0.022,1244200,19405,48.792,0.761,26024,1.021,2846.375,0,tests performed,65.28,25499881,3.202,37.9,15.504,10.129,44648.71,0.5,107.791,5.07,13,16.5,,3.84,83.44,0.939
AUS,Oceania,Australia,2020-05-26,7118,9,8.286,102,0,0.429,279.139,0.353,0.325,4,0,0.017,1288223,44023,50.519,1.726,28908,1.134,3488.897,0,tests performed,65.28,25499881,3.202,37.9,15.504,10.129,44648.71,0.5,107.791,5.07,13,16.5,,3.84,83.44,0.939
AUS,Oceania,Australia,2020-05-27,7133,15,9.286,102,0,0.429,279.727,0.588,0.364,4,0,0.017,1338321,50098,52.483,1.965,32393,1.27,3488.477,0,tests performed,65.28,25499881,3.202,37.9,15.504,10.129,44648.71,0.5,107.791,5.07,13,16.5,,3.84,83.44,0.939
AUS,Oceania,Australia,2020-05-28,7139,6,8.571,102,0,0.286,279.962,0.235,0.336,4,0,0.011,1367444,29123,53.626,1.142,32823,1.287,3829.35,0,tests performed,65.28,25499881,3.202,37.9,15.504,10.129,44648.71,0.5,107.791,5.07,13,16.5,,3.84,83.44,0.939
AUS,Oceania,Australia,2020-05-29,7150,11,9.857,102,0,0.286,280.393,0.431,0.387,4,0,0.011,1397622,30178,54.809,1.183,32420,1.271,3288.986,0,tests performed,63.43,25499881,3.202,37.9,15.504,10.129,44648.71,0.5,107.791,5.07,13,16.5,,3.84,83.44,0.939
AUS,Oceania,Australia,2020-05-30,7173,23,11.143,102,0,0.143,281.295,0.902,0.437,4,0,0.006,1428538,30916,56.021,1.212,33754,1.324,3029.205,0,tests performed,63.43,25499881,3.202,37.9,15.504,10.129,44648.71,0.5,107.791,5.07,13,16.5,,3.84,83.44,0.939
AUS,Oceania,Australia,2020-05-31,7185,12,11.286,102,0,0,281.766,0.471,0.443,4,0,0,1454568,26030,57.042,1.021,32825,1.287,2908.544,0,tests performed,63.43,25499881,3.202,37.9,15.504,10.129,44648.71,0.5,107.791,5.07,13,16.5,,3.84,83.44,0.939
AUS,Oceania,Australia,2020-06-01,7195,10,12.286,102,0,0,282.158,0.392,0.482,4,0,0,1472220,17652,57.734,0.692,32574,1.277,2651.372,0,tests performed,62.04,25499881,3.202,37.9,15.504,10.129,44648.71,0.5,107.791,5.07,13,16.5,,3.84,83.44,0.939
AUS,Oceania,Australia,2020-06-02,7204,9,12.286,102,0,0,282.511,0.353,0.482,4,0,0,1490387,18167,58.447,0.712,28881,1.133,2350.779,0,tests performed,62.04,25499881,3.202,37.9,15.504,10.129,44648.71,0.5,107.791,5.07,13,16.5,,3.84,83.44,0.939
AUS,Oceania,Australia,2020-06-03,7221,17,12.571,102,0,0,283.178,0.667,0.493,4,0,0,1512700,22313,59.322,0.875,24911,0.977,1981.557,0.001,tests performed,62.04,25499881,3.202,37.9,15.504,10.129,44648.71,0.5,107.791,5.07,13,16.5,,3.84,83.44,0.939
AUS,Oceania,Australia,2020-06-04,7229,8,12.857,102,0,0,283.492,0.314,0.504,4,0,0,1546329,33629,60.641,1.319,25555,1.002,1987.611,0.001,tests performed,62.04,25499881,3.202,37.9,15.504,10.129,44648.71,0.5,107.791,5.07,13,16.5,,3.84,83.44,0.939
AUS,Oceania,Australia,2020-06-05,7240,11,12.857,102,0,0,283.923,0.431,0.504,4,0,0,1579192,32863,61.929,1.289,25939,1.017,2017.478,0,tests performed,62.04,25499881,3.202,37.9,15.504,10.129,44648.71,0.5,107.791,5.07,13,16.5,,3.84,83.44,0.939
AUS,Oceania,Australia,2020-06-06,7251,11,11.143,102,0,0,284.354,0.431,0.437,4,0,0,1590588,11396,62.376,0.447,23150,0.908,2077.564,0,tests performed,62.04,25499881,3.202,37.9,15.504,10.129,44648.71,0.5,107.791,5.07,13,16.5,,3.84,83.44,0.939
AUS,Oceania,Australia,2020-06-07,7255,4,10,102,0,0,284.511,0.157,0.392,4,0,0,1617462,26874,63.43,1.054,23271,0.913,2327.1,0,tests performed,62.04,25499881,3.202,37.9,15.504,10.129,44648.71,0.5,107.791,5.07,13,16.5,,3.84,83.44,0.939
AUS,Oceania,Australia,2020-06-08,7260,5,9.286,102,0,0,284.707,0.196,0.364,4,0,0,1633515,16053,64.06,0.63,23042,0.904,2481.446,0,tests performed,62.04,25499881,3.202,37.9,15.504,10.129,44648.71,0.5,107.791,5.07,13,16.5,,3.84,83.44,0.939
AUS,Oceania,Australia,2020-06-09,7265,5,8.714,102,0,0,284.903,0.196,0.342,4,0,0,1650684,17169,64.733,0.673,22900,0.898,2627.869,0,tests performed,56.48,25499881,3.202,37.9,15.504,10.129,44648.71,0.5,107.791,5.07,13,16.5,,3.84,83.44,0.939
AUS,Oceania,Australia,2020-06-10,7267,2,6.571,102,0,0,284.982,0.078,0.258,4,0,0,1679954,29270,65.881,1.148,23893,0.937,3635.891,0,tests performed,56.48,25499881,3.202,37.9,15.504,10.129,44648.71,0.5,107.791,5.07,13,16.5,,3.84,83.44,0.939
AUS,Oceania,Australia,2020-06-11,7276,9,6.714,102,0,0,285.335,0.353,0.263,4,0,0,1711223,31269,67.107,1.226,23556,0.924,3508.34,0,tests performed,56.48,25499881,3.202,37.9,15.504,10.129,44648.71,0.5,107.791,5.07,13,16.5,,3.84,83.44,0.939
AUS,Oceania,Australia,2020-06-12,7285,9,6.429,102,0,0,285.688,0.353,0.252,4,0,0,1745550,34327,68.453,1.346,23765,0.932,3696.778,0,tests performed,46.76,25499881,3.202,37.9,15.504,10.129,44648.71,0.5,107.791,5.07,13,16.5,,3.84,83.44,0.939
AUS,Oceania,Australia,2020-06-13,7290,5,5.571,102,0,0,285.884,0.196,0.218,4,0,0,1782651,37101,69.908,1.455,27438,1.076,4924.769,0,tests performed,46.76,25499881,3.202,37.9,15.504,10.129,44648.71,0.5,107.791,5.07,13,16.5,,3.84,83.44,0.939
AUS,Oceania,Australia,2020-06-14,7302,12,6.714,102,0,0,286.354,0.471,0.263,4,0,0,1812353,29702,71.073,1.165,27842,1.092,4146.681,0,tests performed,46.76,25499881,3.202,37.9,15.504,10.129,44648.71,0.5,107.791,5.07,13,16.5,,3.84,83.44,0.939
AUS,Oceania,Australia,2020-06-15,7320,18,8.571,102,0,0,287.06,0.706,0.336,4,0,0,1828149,15796,71.692,0.619,27805,1.09,3243.917,0,tests performed,46.76,25499881,3.202,37.9,15.504,10.129,44648.71,0.5,107.791,5.07,13,16.5,,3.84,83.44,0.939
AUS,Oceania,Australia,2020-06-16,7335,15,10,102,0,0,287.648,0.588,0.392,4,0,0,1848347,20198,72.485,0.792,28238,1.107,2823.8,0,tests performed,46.76,25499881,3.202,37.9,15.504,10.129,44648.71,0.5,107.791,5.07,13,16.5,,3.84,83.44,0.939
AUS,Oceania,Australia,2020-06-17,7347,12,11.429,102,0,0,288.119,0.471,0.448,4,0,0,1876117,27770,73.574,1.089,28023,1.099,2452.012,0,tests performed,46.76,25499881,3.202,37.9,15.504,10.129,44648.71,0.5,107.791,5.07,13,16.5,,3.84,83.44,0.939
AUS,Oceania,Australia,2020-06-18,7370,23,13.429,102,0,0,289.021,0.902,0.527,4,0,0,1927497,51380,75.588,2.015,30896,1.212,2300.766,0,tests performed,46.76,25499881,3.202,37.9,15.504,10.129,44648.71,0.5,107.791,5.07,13,16.5,,3.84,83.44,0.939
AUS,Oceania,Australia,2020-06-19,7391,21,15.143,102,0,0,289.844,0.824,0.594,4,0,0,1970205,42708,77.263,1.675,32094,1.259,2119.415,0,tests performed,46.76,25499881,3.202,37.9,15.504,10.129,44648.71,0.5,107.791,5.07,13,16.5,,3.84,83.44,0.939
AUS,Oceania,Australia,2020-06-20,7409,18,17,102,0,0,290.55,0.706,0.667,4,0,0,2005378,35173,78.643,1.379,31818,1.248,1871.647,0.001,tests performed,46.76,25499881,3.202,37.9,15.504,10.129,44648.71,0.5,107.791,5.07,13,16.5,,3.84,83.44,0.939
AUS,Oceania,Australia,2020-06-21,7436,27,19.143,102,0,0,291.609,1.059,0.751,4,0,0,2041324,35946,80.052,1.41,32710,1.283,1708.731,0.001,tests performed,46.76,25499881,3.202,37.9,15.504,10.129,44648.71,0.5,107.791,5.07,13,16.5,,3.84,83.44,0.939
AUS,Oceania,Australia,2020-06-22,7461,25,20.143,102,0,0,292.59,0.98,0.79,4,0,0,2107849,66525,82.661,2.609,39957,1.567,1983.681,0.001,tests performed,46.76,25499881,3.202,37.9,15.504,10.129,44648.71,0.5,107.791,5.07,13,16.5,,3.84,83.44,0.939
AUS,Oceania,Australia,2020-06-23,7474,13,19.857,102,0,0,293.099,0.51,0.779,4,0,0,2132821,24972,83.64,0.979,40639,1.594,2046.568,0,tests performed,52.31,25499881,3.202,37.9,15.504,10.129,44648.71,0.5,107.791,5.07,13,16.5,,3.84,83.44,0.939
AUS,Oceania,Australia,2020-06-24,7492,18,20.714,102,0,0,293.805,0.706,0.812,4,0,0,2180424,47603,85.507,1.867,43472,1.705,2098.648,0,tests performed,52.31,25499881,3.202,37.9,15.504,10.129,44648.71,0.5,107.791,5.07,13,16.5,,3.84,83.44,0.939
AUS,Oceania,Australia,2020-06-25,7521,29,21.571,103,1,0.143,294.943,1.137,0.846,4.039,0.039,0.006,2232341,51917,87.543,2.036,43549,1.708,2018.828,0,tests performed,52.31,25499881,3.202,37.9,15.504,10.129,44648.71,0.5,107.791,5.07,13,16.5,,3.84,83.44,0.939
AUS,Oceania,Australia,2020-06-26,7558,37,23.857,104,1,0.286,296.394,1.451,0.936,4.078,0.039,0.011,2281839,49498,89.484,1.941,44519,1.746,1866.066,0.001,tests performed,52.31,25499881,3.202,37.9,15.504,10.129,44648.71,0.5,107.791,5.07,13,16.5,,3.84,83.44,0.939
AUS,Oceania,Australia,2020-06-27,7595,37,26.571,104,0,0.286,297.845,1.451,1.042,4.078,0,0.011,2336061,54222,91.611,2.126,47240,1.853,1777.849,0.001,tests performed,52.31,25499881,3.202,37.9,15.504,10.129,44648.71,0.5,107.791,5.07,13,16.5,,3.84,83.44,0.939
AUS,Oceania,Australia,2020-06-28,7641,46,29.286,104,0,0.286,299.648,1.804,1.148,4.078,0,0.011,2379175,43114,93.301,1.691,48264,1.893,1648.039,0.001,tests performed,52.31,25499881,3.202,37.9,15.504,10.129,44648.71,0.5,107.791,5.07,13,16.5,,3.84,83.44,0.939
AUS,Oceania,Australia,2020-06-29,7686,45,32.143,104,0,0.286,301.413,1.765,1.261,4.078,0,0.011,2415695,36520,94.734,1.432,43978,1.725,1368.204,0.001,tests performed,52.31,25499881,3.202,37.9,15.504,10.129,44648.71,0.5,107.791,5.07,13,16.5,,3.84,83.44,0.939
AUS,Oceania,Australia,2020-06-30,7767,81,41.857,104,0,0.286,304.59,3.176,1.641,4.078,0,0.011,2455982,40287,96.313,1.58,46166,1.81,1102.942,0.001,tests performed,52.31,25499881,3.202,37.9,15.504,10.129,44648.71,0.5,107.791,5.07,13,16.5,,3.84,83.44,0.939
AUS,Oceania,Australia,2020-07-01,7834,67,48.857,104,0,0.286,307.217,2.627,1.916,4.078,0,0.011,2505923,49941,98.272,1.958,46500,1.824,951.754,0.001,tests performed,68.98,25499881,3.202,37.9,15.504,10.129,44648.71,0.5,107.791,5.07,13,16.5,,3.84,83.44,0.939
AUS,Oceania,Australia,2020-07-02,7920,86,57,104,0,0.143,310.59,3.373,2.235,4.078,0,0.006,2563782,57859,100.541,2.269,47349,1.857,830.684,0.001,tests performed,68.98,25499881,3.202,37.9,15.504,10.129,44648.71,0.5,107.791,5.07,13,16.5,,3.84,83.44,0.939
AUS,Oceania,Australia,2020-07-03,8001,81,63.286,104,0,0,313.766,3.176,2.482,4.078,0,0,2617860,54078,102.662,2.121,48003,1.882,758.512,0.001,tests performed,68.98,25499881,3.202,37.9,15.504,10.129,44648.71,0.5,107.791,5.07,13,16.5,,3.84,83.44,0.939
AUS,Oceania,Australia,2020-07-04,8255,254,94.286,104,0,0,323.727,9.961,3.697,4.078,0,0,2668036,50176,104.629,1.968,47425,1.86,502.992,0.002,tests performed,68.98,25499881,3.202,37.9,15.504,10.129,44648.71,0.5,107.791,5.07,13,16.5,,3.84,83.44,0.939
AUS,Oceania,Australia,2020-07-05,8362,107,103,104,0,0,327.923,4.196,4.039,4.078,0,0,2713435,45399,106.41,1.78,47751,1.873,463.602,0.002,tests performed,68.98,25499881,3.202,37.9,15.504,10.129,44648.71,0.5,107.791,5.07,13,16.5,,3.84,83.44,0.939
AUS,Oceania,Australia,2020-07-06,8449,87,109,104,0,0,331.335,3.412,4.275,4.078,0,0,2759165,45730,108.203,1.793,49067,1.924,450.156,0.002,tests performed,68.98,25499881,3.202,37.9,15.504,10.129,44648.71,0.5,107.791,5.07,13,16.5,,3.84,83.44,0.939
AUS,Oceania,Australia,2020-07-07,8586,137,117,106,2,0.286,336.707,5.373,4.588,4.157,0.078,0.011,2801107,41942,109.848,1.645,49304,1.933,421.402,0.002,tests performed,68.98,25499881,3.202,37.9,15.504,10.129,44648.71,0.5,107.791,5.07,13,16.5,,3.84,83.44,0.939
AUS,Oceania,Australia,2020-07-08,8755,169,131.571,106,0,0.286,343.335,6.627,5.16,4.157,0,0.011,2856406,55299,112.016,2.169,50069,1.963,380.546,0.003,tests performed,75.46,25499881,3.202,37.9,15.504,10.129,44648.71,0.5,107.791,5.07,13,16.5,,3.84,83.44,0.939
AUS,Oceania,Australia,2020-07-09,8886,131,138,106,0,0.286,348.472,5.137,5.412,4.157,0,0.011,2910831,54425,114.151,2.134,49578,1.944,359.261,0.003,tests performed,75.46,25499881,3.202,37.9,15.504,10.129,44648.71,0.5,107.791,5.07,13,16.5,,3.84,83.44,0.939
AUS,Oceania,Australia,2020-07-10,9059,173,151.143,106,0,0.286,355.257,6.784,5.927,4.157,0,0.011,2970268,59437,116.482,2.331,50344,1.974,333.089,0.003,tests performed,75.46,25499881,3.202,37.9,15.504,10.129,44648.71,0.5,107.791,5.07,13,16.5,,3.84,83.44,0.939
AUS,Oceania,Australia,2020-07-11,9359,300,157.714,106,0,0.286,367.021,11.765,6.185,4.157,0,0.011,3021493,51225,118.49,2.009,50494,1.98,320.161,0.003,tests performed,75.46,25499881,3.202,37.9,15.504,10.129,44648.71,0.5,107.791,5.07,13,16.5,,3.84,83.44,0.939
AUS,Oceania,Australia,2020-07-12,9553,194,170.143,107,1,0.429,374.629,7.608,6.672,4.196,0.039,0.017,3075488,53995,120.608,2.117,51722,2.028,303.992,0.003,tests performed,75.46,25499881,3.202,37.9,15.504,10.129,44648.71,0.5,107.791,5.07,13,16.5,,3.84,83.44,0.939
AUS,Oceania,Australia,2020-07-13,9797,244,192.571,108,1,0.571,384.198,9.569,7.552,4.235,0.039,0.022,3117788,42300,122.267,1.659,51232,2.009,266.042,0.004,tests performed,71.76,25499881,3.202,37.9,15.504,10.129,44648.71,0.5,107.791,5.07,13,16.5,,3.84,83.44,0.939
AUS,Oceania,Australia,2020-07-14,9980,183,199.143,108,0,0.286,391.374,7.177,7.81,4.235,0,0.011,3162237,44449,124.01,1.743,51590,2.023,259.06,0.004,tests performed,71.76,25499881,3.202,37.9,15.504,10.129,44648.71,0.5,107.791,5.07,13,16.5,,3.84,83.44,0.939
AUS,Oceania,Australia,2020-07-15,10251,271,213.714,108,0,0.286,402.002,10.628,8.381,4.235,0,0.011,3222141,59904,126.359,2.349,52248,2.049,244.476,0.004,tests performed,71.76,25499881,3.202,37.9,15.504,10.129,44648.71,0.5,107.791,5.07,13,16.5,,3.84,83.44,0.939
AUS,Oceania,Australia,2020-07-16,10495,244,229.857,111,3,0.714,411.571,9.569,9.014,4.353,0.118,0.028,3287716,65575,128.931,2.572,53841,2.111,234.237,0.004,tests performed,68.06,25499881,3.202,37.9,15.504,10.129,44648.71,0.5,107.791,5.07,13,16.5,,3.84,83.44,0.939
AUS,Oceania,Australia,2020-07-17,10810,315,250.143,113,2,1,423.924,12.353,9.81,4.431,0.078,0.039,3350444,62728,131.391,2.46,54311,2.13,217.12,0.005,tests performed,68.06,25499881,3.202,37.9,15.504,10.129,44648.71,0.5,107.791,5.07,13,16.5,,3.84,83.44,0.939
AUS,Oceania,Australia,2020-07-18,11235,425,268,116,3,1.429,440.59,16.667,10.51,4.549,0.118,0.056,3413831,63387,133.876,2.486,56048,2.198,209.134,0.005,tests performed,68.06,25499881,3.202,37.9,15.504,10.129,44648.71,0.5,107.791,5.07,13,16.5,,3.84,83.44,0.939
AUS,Oceania,Australia,2020-07-19,11441,206,269.714,118,2,1.571,448.669,8.078,10.577,4.627,0.078,0.062,3476463,62632,136.333,2.456,57282,2.246,212.38,0.005,tests performed,68.06,25499881,3.202,37.9,15.504,10.129,44648.71,0.5,107.791,5.07,13,16.5,,3.84,83.44,0.939
AUS,Oceania,Australia,2020-07-20,11802,361,286.429,122,4,2,462.826,14.157,11.233,4.784,0.157,0.078,3534425,57962,138.606,2.273,59520,2.334,207.8,0.005,tests performed,68.06,25499881,3.202,37.9,15.504,10.129,44648.71,0.5,107.791,5.07,13,16.5,,3.84,83.44,0.939
AUS,Oceania,Australia,2020-07-21,12069,267,298.429,123,1,2.143,473.296,10.471,11.703,4.824,0.039,0.084,3590735,56310,140.814,2.208,61214,2.401,205.121,0.005,tests performed,68.06,25499881,3.202,37.9,15.504,10.129,44648.71,0.5,107.791,5.07,13,16.5,,3.84,83.44,0.939
AUS,Oceania,Australia,2020-07-22,12428,359,311,126,3,2.571,487.375,14.078,12.196,4.941,0.118,0.101,3650529,59794,143.159,2.345,61198,2.4,196.778,0.005,tests performed,68.06,25499881,3.202,37.9,15.504,10.129,44648.71,0.5,107.791,5.07,13,16.5,,3.84,83.44,0.939
AUS,Oceania,Australia,2020-07-23,12896,468,343,128,2,2.429,505.728,18.353,13.451,5.02,0.078,0.095,3719837,69308,145.877,2.718,61732,2.421,179.977,0.006,tests performed,68.06,25499881,3.202,37.9,15.504,10.129,44648.71,0.5,107.791,5.07,13,16.5,,3.84,83.44,0.939
AUS,Oceania,Australia,2020-07-24,13306,410,356.571,133,5,2.857,521.806,16.079,13.983,5.216,0.196,0.112,3795421,75584,148.841,2.964,63568,2.493,178.276,0.006,tests performed,68.06,25499881,3.202,37.9,15.504,10.129,44648.71,0.5,107.791,5.07,13,16.5,,3.84,83.44,0.939
AUS,Oceania,Australia,2020-07-25,13595,289,337.143,139,6,3.286,533.14,11.333,13.221,5.451,0.235,0.129,3859505,64084,151.354,2.513,63668,2.497,188.846,0.005,tests performed,68.06,25499881,3.202,37.9,15.504,10.129,44648.71,0.5,107.791,5.07,13,16.5,,3.84,83.44,0.939
AUS,Oceania,Australia,2020-07-26,13950,355,358.429,145,6,3.857,547.061,13.922,14.056,5.686,0.235,0.151,3935124,75619,154.319,2.965,65523,2.57,182.806,0.005,tests performed,68.06,25499881,3.202,37.9,15.504,10.129,44648.71,0.5,107.791,5.07,13,16.5,,3.84,83.44,0.939
AUS,Oceania,Australia,2020-07-27,14403,453,371.571,155,10,4.714,564.826,17.765,14.571,6.078,0.392,0.185,3987090,51966,156.357,2.038,64666,2.536,174.034,0.006,tests performed,68.06,25499881,3.202,37.9,15.504,10.129,44648.71,0.5,107.791,5.07,13,16.5,,3.84,83.44,0.939
AUS,Oceania,Australia,2020-07-28,14935,532,409.429,161,6,5.429,585.689,20.863,16.056,6.314,0.235,0.213,,,,,64562,2.532,157.688,0.006,tests performed,68.06,25499881,3.202,37.9,15.504,10.129,44648.71,0.5,107.791,5.07,13,16.5,,3.84,83.44,0.939
AUS,Oceania,Australia,2020-07-29,15304,369,410.857,167,6,5.857,600.16,14.471,16.112,6.549,0.235,0.23,4098249,,160.716,,63960,2.508,155.675,0.006,tests performed,68.06,25499881,3.202,37.9,15.504,10.129,44648.71,0.5,107.791,5.07,13,16.5,,3.84,83.44,0.939
AUS,Oceania,Australia,2020-07-30,15582,278,383.714,176,9,6.857,611.062,10.902,15.048,6.902,0.353,0.269,4164454,66205,163.313,2.596,63517,2.491,165.532,0.006,tests performed,68.06,25499881,3.202,37.9,15.504,10.129,44648.71,0.5,107.791,5.07,13,16.5,,3.84,83.44,0.939
AUS,Oceania,Australia,2020-07-31,16303,721,428.143,189,13,8,639.336,28.275,16.79,7.412,0.51,0.314,,,,,62917,2.467,146.953,0.007,tests performed,68.06,25499881,3.202,37.9,15.504,10.129,44648.71,0.5,107.791,5.07,13,16.5,,3.84,83.44,0.939
AUS,Oceania,Australia,2020-08-01,16905,602,472.857,196,7,8.143,662.944,23.608,18.544,7.686,0.275,0.319,4307224,,168.912,,63960,2.508,135.263,0.007,tests performed,68.06,25499881,3.202,37.9,15.504,10.129,44648.71,0.5,107.791,5.07,13,16.5,,3.84,83.44,0.939
AUS,Oceania,Australia,2020-08-02,17282,377,476,200,4,7.857,677.729,14.784,18.667,7.843,0.157,0.308,4346382,39158,170.447,1.536,58751,2.304,123.426,0.008,tests performed,75.46,25499881,3.202,37.9,15.504,10.129,44648.71,0.5,107.791,5.07,13,16.5,,3.84,83.44,0.939
AUS,Oceania,Australia,2020-08-03,17923,641,502.857,208,8,7.571,702.866,25.137,19.72,8.157,0.314,0.297,4386911,40529,172.037,1.589,57117,2.24,113.585,0.009,tests performed,79.17,25499881,3.202,37.9,15.504,10.129,44648.71,0.5,107.791,5.07,13,16.5,,3.84,83.44,0.939
AUS,Oceania,Australia,2020-08-04,18318,395,483.286,221,13,8.571,718.356,15.49,18.952,8.667,0.51,0.336,4481617,94706,175.751,3.714,62707,2.459,129.751,0.008,tests performed,79.17,25499881,3.202,37.9,15.504,10.129,44648.71,0.5,107.791,5.07,13,16.5,,3.84,83.44,0.939
AUS,Oceania,Australia,2020-08-05,18729,411,489.286,232,11,9.286,734.474,16.118,19.188,9.098,0.431,0.364,4552081,70464,178.514,2.763,64833,2.542,132.505,0.008,tests performed,79.17,25499881,3.202,37.9,15.504,10.129,44648.71,0.5,107.791,5.07,13,16.5,,3.84,83.44,0.939
AUS,Oceania,Australia,2020-08-06,19444,715,551.714,247,15,10.143,762.513,28.039,21.636,9.686,0.588,0.398,4632089,80008,181.651,3.138,66805,2.62,121.086,0.008,tests performed,79.17,25499881,3.202,37.9,15.504,10.129,44648.71,0.5,107.791,5.07,13,16.5,,3.84,83.44,0.939
AUS,Oceania,Australia,2020-08-07,19862,418,508.429,255,8,9.429,778.906,16.392,19.938,10,0.314,0.37,4724026,91937,185.257,3.605,69741,2.735,137.17,0.007,tests performed,79.17,25499881,3.202,37.9,15.504,10.129,44648.71,0.5,107.791,5.07,13,16.5,,3.84,83.44,0.939
AUS,Oceania,Australia,2020-08-08,20272,410,481,266,11,10,794.984,16.079,18.863,10.431,0.431,0.392,4764223,40197,186.833,1.576,65286,2.56,135.73,0.007,tests performed,79.17,25499881,3.202,37.9,15.504,10.129,44648.71,0.5,107.791,5.07,13,16.5,,3.84,83.44,0.939
AUS,Oceania,Australia,2020-08-09,20698,426,488,278,12,11.143,811.69,16.706,19.137,10.902,0.471,0.437,4857414,93191,190.488,3.655,73005,2.863,149.6,0.007,tests performed,79.17,25499881,3.202,37.9,15.504,10.129,44648.71,0.5,107.791,5.07,13,16.5,,3.84,83.44,0.939
AUS,Oceania,Australia,2020-08-10,21084,386,451.571,295,17,12.429,826.827,15.137,17.709,11.569,0.667,0.487,4918546,61132,192.885,2.397,75948,2.978,168.186,0.006,tests performed,79.17,25499881,3.202,37.9,15.504,10.129,44648.71,0.5,107.791,5.07,13,16.5,,3.84,83.44,0.939
AUS,Oceania,Australia,2020-08-11,21397,313,439.857,313,18,13.143,839.102,12.275,17.249,12.275,0.706,0.515,4980172,61626,195.302,2.417,71222,2.793,161.921,0.006,tests performed,79.17,25499881,3.202,37.9,15.504,10.129,44648.71,0.5,107.791,5.07,13,16.5,,3.84,83.44,0.939
AUS,Oceania,Australia,2020-08-12,21713,316,426.286,331,18,14.143,851.494,12.392,16.717,12.98,0.706,0.555,5041344,61172,197.701,2.399,69895,2.741,163.963,0.006,tests performed,79.17,25499881,3.202,37.9,15.504,10.129,44648.71,0.5,107.791,5.07,13,16.5,,3.84,83.44,0.939
AUS,Oceania,Australia,2020-08-13,22127,414,383.286,352,21,15,867.73,16.235,15.031,13.804,0.824,0.588,5109785,68441,200.385,2.684,68242,2.676,178.045,0.006,tests performed,79.17,25499881,3.202,37.9,15.504,10.129,44648.71,0.5,107.791,5.07,13,16.5,,3.84,83.44,0.939
AUS,Oceania,Australia,2020-08-14,22358,231,356.571,361,9,15.143,876.788,9.059,13.983,14.157,0.353,0.594,5180414,70629,203.154,2.77,65198,2.557,182.847,0.005,tests performed,79.17,25499881,3.202,37.9,15.504,10.129,44648.71,0.5,107.791,5.07,13,16.5,,3.84,83.44,0.939
AUS,Oceania,Australia,2020-08-15,22743,385,353,375,14,15.571,891.887,15.098,13.843,14.706,0.549,0.611,5243784,63370,205.64,2.485,68509,2.687,194.076,0.005,tests performed,79.17,25499881,3.202,37.9,15.504,10.129,44648.71,0.5,107.791,5.07,13,16.5,,3.84,83.44,0.939
AUS,Oceania,Australia,2020-08-16,23035,292,333.857,379,4,14.429,903.338,11.451,13.092,14.863,0.157,0.566,5297558,53774,207.748,2.109,62878,2.466,188.338,0.005,tests performed,79.17,25499881,3.202,37.9,15.504,10.129,44648.71,0.5,107.791,5.07,13,16.5,,3.84,83.44,0.939
AUS,Oceania,Australia,2020-08-17,23288,253,314.857,396,17,14.429,913.259,9.922,12.347,15.529,0.667,0.566,5336097,38539,209.26,1.511,59650,2.339,189.451,0.005,tests performed,79.17,25499881,3.202,37.9,15.504,10.129,44648.71,0.5,107.791,5.07,13,16.5,,3.84,83.44,0.939
AUS,Oceania,Australia,2020-08-18,23599,311,314.571,421,25,15.429,925.455,12.196,12.336,16.51,0.98,0.605,5380613,44516,211.005,1.746,57206,2.243,181.854,0.005,tests performed,79.17,25499881,3.202,37.9,15.504,10.129,44648.71,0.5,107.791,5.07,13,16.5,,3.84,83.44,0.939
AUS,Oceania,Australia,2020-08-19,23773,174,294.286,438,17,15.286,932.279,6.824,11.541,17.177,0.667,0.599,5440495,59882,213.354,2.348,57022,2.236,193.764,0.005,tests performed,79.17,25499881,3.202,37.9,15.504,10.129,44648.71,0.5,107.791,5.07,13,16.5,,3.84,83.44,0.939
AUS,Oceania,Australia,2020-08-20,23993,220,266.571,450,12,14,940.906,8.627,10.454,17.647,0.471,0.549,5508831,68336,216.034,2.68,57007,2.236,213.853,0.005,tests performed,79.17,25499881,3.202,37.9,15.504,10.129,44648.71,0.5,107.791,5.07,13,16.5,,3.84,83.44,0.939
AUS,Oceania,Australia,2020-08-21,24236,243,268.286,463,13,14.571,950.436,9.529,10.521,18.157,0.51,0.571,,,,,56334,2.209,209.978,0.005,tests performed,79.17,25499881,3.202,37.9,15.504,10.129,44648.71,0.5,107.791,5.07,13,16.5,,3.84,83.44,0.939
AUS,Oceania,Australia,2020-08-22,24407,171,237.714,472,9,13.857,957.142,6.706,9.322,18.51,0.353,0.543,,,,,56698,2.223,238.513,0.004,tests performed,79.17,25499881,3.202,37.9,15.504,10.129,44648.71,0.5,107.791,5.07,13,16.5,,3.84,83.44,0.939
AUS,Oceania,Australia,2020-08-23,24602,195,223.857,485,13,15.143,964.789,7.647,8.779,19.02,0.51,0.594,5706587,,223.789,,58433,2.292,261.028,0.004,tests performed,79.17,25499881,3.202,37.9,15.504,10.129,44648.71,0.5,107.791,5.07,13,16.5,,3.84,83.44,0.939
AUS,Oceania,Australia,2020-08-24,24812,210,217.714,502,17,15.143,973.024,8.235,8.538,19.686,0.667,0.594,5758034,51447,225.806,2.018,60277,2.364,276.863,0.004,tests performed,79.17,25499881,3.202,37.9,15.504,10.129,44648.71,0.5,107.791,5.07,13,16.5,,3.84,83.44,0.939
AUS,Oceania,Australia,2020-08-25,24916,104,188.143,517,15,13.714,977.103,4.078,7.378,20.275,0.588,0.538,5814709,56675,228.029,2.223,62014,2.432,329.611,0.003,tests performed,79.17,25499881,3.202,37.9,15.504,10.129,44648.71,0.5,107.791,5.07,13,16.5,,3.84,83.44,0.939
AUS,Oceania,Australia,2020-08-26,25053,137,182.857,525,8,12.429,982.475,5.373,7.171,20.588,0.314,0.487,5886412,71703,230.841,2.812,63702,2.498,348.37,0.003,tests performed,79.17,25499881,3.202,37.9,15.504,10.129,44648.71,0.5,107.791,5.07,13,16.5,,3.84,83.44,0.939
AUS,Oceania,Australia,2020-08-27,25205,152,173.143,549,24,14.143,988.436,5.961,6.79,21.53,0.941,0.555,5972680,86268,234.224,3.383,66264,2.599,382.713,0.003,tests performed,79.17,25499881,3.202,37.9,15.504,10.129,44648.71,0.5,107.791,5.07,13,16.5,,3.84,83.44,0.939
AUS,Oceania,Australia,2020-08-28,25322,117,155.143,572,23,15.571,993.024,4.588,6.084,22.431,0.902,0.611,,,,,66159,2.594,426.439,0.002,tests performed,75.46,25499881,3.202,37.9,15.504,10.129,44648.71,0.5,107.791,5.07,13,16.5,,3.84,83.44,0.939
AUS,Oceania,Australia,2020-08-29,25448,126,148.714,583,11,15.857,997.965,4.941,5.832,22.863,0.431,0.622,,,,,66054,2.59,444.167,0.002,tests performed,75.46,25499881,3.202,37.9,15.504,10.129,44648.71,0.5,107.791,5.07,13,16.5,,3.84,83.44,0.939
AUS,Oceania,Australia,2020-08-30,25547,99,135,600,17,16.429,1001.848,3.882,5.294,23.53,0.667,0.644,6168229,,241.892,,65949,2.586,488.511,0.002,tests performed,75.46,25499881,3.202,37.9,15.504,10.129,44648.71,0.5,107.791,5.07,13,16.5,,3.84,83.44,0.939
AUS,Oceania,Australia,2020-08-31,25670,123,122.571,611,11,15.571,1006.671,4.824,4.807,23.961,0.431,0.611,6214453,46224,243.705,1.813,65203,2.557,531.959,0.002,tests performed,75.46,25499881,3.202,37.9,15.504,10.129,44648.71,0.5,107.791,5.07,13,16.5,,3.84,83.44,0.939
AUS,Oceania,Australia,2020-09-01,25746,76,118.571,652,41,19.286,1009.652,2.98,4.65,25.569,1.608,0.756,6255797,41344,245.327,1.621,63013,2.471,531.435,0.002,tests performed,75.46,25499881,3.202,37.9,15.504,10.129,44648.71,0.5,107.791,5.07,13,16.5,,3.84,83.44,0.939
AUS,Oceania,Australia,2020-09-02,25819,73,109.429,657,5,18.857,1012.515,2.863,4.291,25.765,0.196,0.739,6319795,63998,247.836,2.51,61912,2.428,565.775,0.002,tests performed,75.46,25499881,3.202,37.9,15.504,10.129,44648.71,0.5,107.791,5.07,13,16.5,,3.84,83.44,0.939
AUS,Oceania,Australia,2020-09-03,25923,104,102.571,663,6,16.286,1016.593,4.078,4.022,26,0.235,0.639,6390778,70983,250.62,2.784,59728,2.342,582.306,0.002,tests performed,75.46,25499881,3.202,37.9,15.504,10.129,44648.71,0.5,107.791,5.07,13,16.5,,3.84,83.44,0.939
AUS,Oceania,Australia,2020-09-04,26049,126,103.857,678,15,15.143,1021.534,4.941,4.073,26.588,0.588,0.594,,,,,63110,2.475,607.662,0.002,tests performed,75.46,25499881,3.202,37.9,15.504,10.129,44648.71,0.5,107.791,5.07,13,16.5,,3.84,83.44,0.939
AUS,Oceania,Australia,2020-09-05,26136,87,98.286,737,59,22,1024.946,3.412,3.854,28.902,2.314,0.863,,,,,66492,2.608,676.517,0.001,tests performed,75.46,25499881,3.202,37.9,15.504,10.129,44648.71,0.5,107.791,5.07,13,16.5,,3.84,83.44,0.939
AUS,Oceania,Australia,2020-09-06,26207,71,94.286,748,11,21.143,1027.73,2.784,3.697,29.333,0.431,0.829,6657348,,261.074,,69874,2.74,741.088,0.001,tests performed,75.46,25499881,3.202,37.9,15.504,10.129,44648.71,0.5,107.791,5.07,13,16.5,,3.84,83.44,0.939
AUS,Oceania,Australia,2020-09-07,26279,72,87,753,5,20.286,1030.554,2.824,3.412,29.53,0.196,0.796,6693434,36086,262.489,1.415,68426,2.683,786.506,0.001,tests performed,75.46,25499881,3.202,37.9,15.504,10.129,44648.71,0.5,107.791,5.07,13,16.5,,3.84,83.44,0.939
AUS,Oceania,Australia,2020-09-08,26322,43,82.286,762,9,15.714,1032.24,1.686,3.227,29.882,0.353,0.616,6730397,36963,263.938,1.45,67800,2.659,823.958,0.001,tests performed,75.46,25499881,3.202,37.9,15.504,10.129,44648.71,0.5,107.791,5.07,13,16.5,,3.84,83.44,0.939
AUS,Oceania,Australia,2020-09-09,26374,52,79.286,770,8,16.143,1034.279,2.039,3.109,30.196,0.314,0.633,6789333,58936,266.25,2.311,67077,2.63,846.016,0.001,tests performed,75.46,25499881,3.202,37.9,15.504,10.129,44648.71,0.5,107.791,5.07,13,16.5,,3.84,83.44,0.939
AUS,Oceania,Australia,2020-09-10,26465,91,77.429,781,11,16.857,1037.848,3.569,3.036,30.628,0.431,0.661,6849431,60098,268.606,2.357,65522,2.57,846.225,0.001,tests performed,75.46,25499881,3.202,37.9,15.504,10.129,44648.71,0.5,107.791,5.07,13,16.5,,3.84,83.44,0.939
AUS,Oceania,Australia,2020-09-11,26513,48,66.286,788,7,15.714,1039.73,1.882,2.599,30.902,0.275,0.616,,,,,60764,2.383,916.698,0.001,tests performed,75.46,25499881,3.202,37.9,15.504,10.129,44648.71,0.5,107.791,5.07,13,16.5,,3.84,83.44,0.939
AUS,Oceania,Australia,2020-09-12,26565,52,61.286,797,9,8.571,1041.77,2.039,2.403,31.255,0.353,0.336,,,,,56007,2.196,913.867,0.001,tests performed,75.46,25499881,3.202,37.9,15.504,10.129,44648.71,0.5,107.791,5.07,13,16.5,,3.84,83.44,0.939
AUS,Oceania,Australia,2020-09-13,26607,42,57.143,803,6,7.857,1043.417,1.647,2.241,31.49,0.235,0.308,7016090,,275.142,,51249,2.01,896.858,0.001,tests performed,75.46,25499881,3.202,37.9,15.504,10.129,44648.71,0.5,107.791,5.07,13,16.5,,3.84,83.44,0.939
AUS,Oceania,Australia,2020-09-14,26651,44,53.143,810,7,8.143,1045.142,1.725,2.084,31.765,0.275,0.319,7047036,30946,276.356,1.214,50515,1.981,950.551,0.001,tests performed,75.46,25499881,3.202,37.9,15.504,10.129,44648.71,0.5,107.791,5.07,13,16.5,,3.84,83.44,0.939
AUS,Oceania,Australia,2020-09-15,26692,41,52.857,816,6,7.714,1046.75,1.608,2.073,32,0.235,0.303,7076539,29503,277.513,1.157,49449,1.939,935.522,0.001,tests performed,75.46,25499881,3.202,37.9,15.504,10.129,44648.71,0.5,107.791,5.07,13,16.5,,3.84,83.44,0.939
AUS,Oceania,Australia,2020-09-16,26738,46,52,816,0,6.571,1048.554,1.804,2.039,32,0,0.258,7124384,47845,279.389,1.876,47864,1.877,920.462,0.001,tests performed,75.46,25499881,3.202,37.9,15.504,10.129,44648.71,0.5,107.791,5.07,13,16.5,,3.84,83.44,0.939
AUS,Oceania,Australia,2020-09-17,26779,41,44.857,824,8,6.143,1050.162,1.608,1.759,32.314,0.314,0.241,7178741,54357,281.521,2.132,47044,1.845,1048.752,0.001,tests performed,75.46,25499881,3.202,37.9,15.504,10.129,44648.71,0.5,107.791,5.07,13,16.5,,3.84,83.44,0.939
AUS,Oceania,Australia,2020-09-18,26813,34,42.857,832,8,6.286,1051.495,1.333,1.681,32.628,0.314,0.246,,,,,44704,1.753,1043.093,0.001,tests performed,75.46,25499881,3.202,37.9,15.504,10.129,44648.71,0.5,107.791,5.07,13,16.5,,3.84,83.44,0.939
AUS,Oceania,Australia,2020-09-19,26861,48,42.286,837,5,5.714,1053.377,1.882,1.658,32.824,0.196,0.224,,,,,42364,1.661,1001.851,0.001,tests performed,75.46,25499881,3.202,37.9,15.504,10.129,44648.71,0.5,107.791,5.07,13,16.5,,3.84,83.44,0.939
AUS,Oceania,Australia,2020-09-20,26885,24,39.714,844,7,5.857,1054.319,0.941,1.557,33.098,0.275,0.23,7296252,,286.129,,40023,1.57,1007.773,0.001,tests performed,75.46,25499881,3.202,37.9,15.504,10.129,44648.71,0.5,107.791,5.07,13,16.5,,3.84,83.44,0.939
AUS,Oceania,Australia,2020-09-21,26898,13,35.286,849,5,5.571,1054.828,0.51,1.384,33.294,0.196,0.218,7319688,23436,287.048,0.919,38950,1.527,1103.846,0.001,tests performed,75.46,25499881,3.202,37.9,15.504,10.129,44648.71,0.5,107.791,5.07,13,16.5,,3.84,83.44,0.939
AUS,Oceania,Australia,2020-09-22,26912,14,31.429,851,2,5,1055.377,0.549,1.232,33.373,0.078,0.196,7351283,31595,288.287,1.239,39249,1.539,1248.832,0.001,tests performed,75.46,25499881,3.202,37.9,15.504,10.129,44648.71,0.5,107.791,5.07,13,16.5,,3.84,83.44,0.939
AUS,Oceania,Australia,2020-09-23,26942,30,29.143,854,3,5.429,1056.554,1.176,1.143,33.49,0.118,0.213,7393693,42410,289.95,1.663,38473,1.509,1320.152,0.001,tests performed,75.46,25499881,3.202,37.9,15.504,10.129,44648.71,0.5,107.791,5.07,13,16.5,,3.84,83.44,0.939
AUS,Oceania,Australia,2020-09-24,26973,31,27.714,859,5,5,1057.77,1.216,1.087,33.686,0.196,0.196,7441327,47634,291.818,1.868,37512,1.471,1353.526,0.001,tests performed,75.46,25499881,3.202,37.9,15.504,10.129,44648.71,0.5,107.791,5.07,13,16.5,,3.84,83.44,0.939
AUS,Oceania,Australia,2020-09-25,26983,10,24.286,861,2,4.143,1058.162,0.392,0.952,33.765,0.078,0.162,,,,,36912,1.448,1519.906,0.001,tests performed,75.46,25499881,3.202,37.9,15.504,10.129,44648.71,0.5,107.791,5.07,13,16.5,,3.84,83.44,0.939
AUS,Oceania,Australia,2020-09-26,27000,17,19.857,869,8,4.571,1058.828,0.667,0.779,34.079,0.314,0.179,,,,,36311,1.424,1828.612,0.001,tests performed,75.46,25499881,3.202,37.9,15.504,10.129,44648.71,0.5,107.791,5.07,13,16.5,,3.84,83.44,0.939
AUS,Oceania,Australia,2020-09-27,27016,16,18.714,870,1,3.714,1059.456,0.627,0.734,34.118,0.039,0.146,7546223,,295.932,,35710,1.4,1908.168,0.001,tests performed,75.46,25499881,3.202,37.9,15.504,10.129,44648.71,0.5,107.791,5.07,13,16.5,,3.84,83.44,0.939
AUS,Oceania,Australia,2020-09-28,27040,24,20.286,872,2,3.286,1060.397,0.941,0.796,34.196,0.078,0.129,7563322,17099,296.602,0.671,34805,1.365,1715.739,0.001,tests performed,68.06,25499881,3.202,37.9,15.504,10.129,44648.71,0.5,107.791,5.07,13,16.5,,3.84,83.44,0.939
AUS,Oceania,Australia,2020-09-29,27044,4,18.857,875,3,3.429,1060.554,0.157,0.739,34.314,0.118,0.134,7589332,26010,297.622,1.02,34007,1.334,1803.402,0.001,tests performed,68.06,25499881,3.202,37.9,15.504,10.129,44648.71,0.5,107.791,5.07,13,16.5,,3.84,83.44,0.939
AUS,Oceania,Australia,2020-09-30,27063,19,17.286,882,7,4,1061.299,0.745,0.678,34.588,0.275,0.157,7637403,48071,299.507,1.885,34816,1.365,2014.149,0,tests performed,68.06,25499881,3.202,37.9,15.504,10.129,44648.71,0.5,107.791,5.07,13,16.5,,3.84,83.44,0.939
AUS,Oceania,Australia,2020-10-01,27063,0,12.857,882,0,3.286,1061.299,0,0.504,34.588,0,0.129,7679651,42248,301.164,1.657,34046,1.335,2648.022,0,tests performed,68.06,25499881,3.202,37.9,15.504,10.129,44648.71,0.5,107.791,5.07,13,16.5,,3.84,83.44,0.939
AUS,Oceania,Australia,2020-10-02,27096,33,16.143,888,6,3.857,1062.593,1.294,0.633,34.824,0.235,0.151,,,,,33046,1.296,2047.097,0,tests performed,68.06,25499881,3.202,37.9,15.504,10.129,44648.71,0.5,107.791,5.07,13,16.5,,3.84,83.44,0.939
AUS,Oceania,Australia,2020-10-03,27113,17,16.143,890,2,3,1063.26,0.667,0.633,34.902,0.078,0.118,,,,,32046,1.257,1985.15,0.001,tests performed,68.06,25499881,3.202,37.9,15.504,10.129,44648.71,0.5,107.791,5.07,13,16.5,,3.84,83.44,0.939
AUS,Oceania,Australia,2020-10-04,27121,8,15,893,3,3.286,1063.574,0.314,0.588,35.02,0.118,0.129,,,,,31046,1.217,2069.733,0,tests performed,68.06,25499881,3.202,37.9,15.504,10.129,44648.71,0.5,107.791,5.07,13,16.5,,3.84,83.44,0.939
AUS,Oceania,Australia,2020-10-05,27136,15,13.714,894,1,3.143,1064.162,0.588,0.538,35.059,0.039,0.123,,,,,32598,1.278,2376.938,0,tests performed,68.06,25499881,3.202,37.9,15.504,10.129,44648.71,0.5,107.791,5.07,13,16.5,,3.84,83.44,0.939
AUS,Oceania,Australia,2020-10-06,27149,13,15,894,0,2.714,1064.672,0.51,0.588,35.059,0,0.106,7819472,,306.647,,32877,1.289,2191.8,0,tests performed,68.06,25499881,3.202,37.9,15.504,10.129,44648.71,0.5,107.791,5.07,13,16.5,,3.84,83.44,0.939
AUS,Oceania,Australia,2020-10-07,27174,25,15.857,895,1,1.857,1065.652,0.98,0.622,35.098,0.039,0.073,7852241,32769,307.932,1.285,30691,1.204,1935.468,0.001,tests performed,68.06,25499881,3.202,37.9,15.504,10.129,44648.71,0.5,107.791,5.07,13,16.5,,3.84,83.44,0.939
AUS,Oceania,Australia,2020-10-08,27182,8,17,897,2,2.143,1065.966,0.314,0.667,35.177,0.078,0.084,7895078,42837,309.612,1.68,30775,1.207,1810.294,0.001,tests performed,68.06,25499881,3.202,37.9,15.504,10.129,44648.71,0.5,107.791,5.07,13,16.5,,3.84,83.44,0.939
AUS,Oceania,Australia,2020-10-09,27206,24,15.714,897,0,1.286,1066.907,0.941,0.616,35.177,0,0.05,,,,,32163,1.261,2046.736,0,tests performed,68.06,25499881,3.202,37.9,15.504,10.129,44648.71,0.5,107.791,5.07,13,16.5,,3.84,83.44,0.939
AUS,Oceania,Australia,2020-10-10,27229,23,16.571,897,0,1,1067.809,0.902,0.65,35.177,0,0.039,,,,,33551,1.316,2024.629,0,tests performed,68.06,25499881,3.202,37.9,15.504,10.129,44648.71,0.5,107.791,5.07,13,16.5,,3.84,83.44,0.939
AUS,Oceania,Australia,2020-10-11,27244,15,17.571,897,0,0.571,1068.397,0.588,0.689,35.177,0,0.022,8008111,,314.045,,34938,1.37,1988.341,0.001,tests performed,68.06,25499881,3.202,37.9,15.504,10.129,44648.71,0.5,107.791,5.07,13,16.5,,3.84,83.44,0.939
AUS,Oceania,Australia,2020-10-12,27264,20,18.286,898,1,0.571,1069.181,0.784,0.717,35.216,0.039,0.022,8035558,27447,315.121,1.076,34864,1.367,1906.625,0.001,tests performed,68.06,25499881,3.202,37.9,15.504,10.129,44648.71,0.5,107.791,5.07,13,16.5,,3.84,83.44,0.939
AUS,Oceania,Australia,2020-10-13,27286,22,19.571,898,0,0.571,1070.044,0.863,0.768,35.216,0,0.022,8062988,27430,316.197,1.076,34788,1.364,1777.489,0.001,tests performed,68.06,25499881,3.202,37.9,15.504,10.129,44648.71,0.5,107.791,5.07,13,16.5,,3.84,83.44,0.939
AUS,Oceania,Australia,2020-10-14,27317,31,20.429,899,1,0.571,1071.26,1.216,0.801,35.255,0.039,0.022,8109490,46502,318.021,1.824,36750,1.441,1798.951,0.001,tests performed,68.06,25499881,3.202,37.9,15.504,10.129,44648.71,0.5,107.791,5.07,13,16.5,,3.84,83.44,0.939
AUS,Oceania,Australia,2020-10-15,27341,24,22.714,904,5,1,1072.201,0.941,0.891,35.451,0.196,0.039,8153116,43626,319.732,1.711,36863,1.446,1622.899,0.001,tests performed,68.06,25499881,3.202,37.9,15.504,10.129,44648.71,0.5,107.791,5.07,13,16.5,,3.84,83.44,0.939
AUS,Oceania,Australia,2020-10-16,27362,21,22.286,904,0,1,1073.025,0.824,0.874,35.451,0,0.039,,,,,37333,1.464,1675.199,0.001,tests performed,65.28,25499881,3.202,37.9,15.504,10.129,44648.71,0.5,107.791,5.07,13,16.5,,3.84,83.44,0.939
AUS,Oceania,Australia,2020-10-17,27371,9,20.286,904,0,1,1073.378,0.353,0.796,35.451,0,0.039,,,,,37804,1.483,1863.577,0.001,tests performed,65.28,25499881,3.202,37.9,15.504,10.129,44648.71,0.5,107.791,5.07,13,16.5,,3.84,83.44,0.939
AUS,Oceania,Australia,2020-10-18,27383,12,19.857,904,0,1,1073.848,0.471,0.779,35.451,0,0.039,8276036,,324.552,,38275,1.501,1927.518,0.001,tests performed,65.28,25499881,3.202,37.9,15.504,10.129,44648.71,0.5,107.791,5.07,13,16.5,,3.84,83.44,0.939
AUS,Oceania,Australia,2020-10-19,27390,7,18,904,0,0.857,1074.123,0.275,0.706,35.451,0,0.034,8303374,27338,325.624,1.072,38259,1.5,2125.5,0,tests performed,65.28,25499881,3.202,37.9,15.504,10.129,44648.71,0.5,107.791,5.07,13,16.5,,3.84,83.44,0.939
AUS,Oceania,Australia,2020-10-20,27399,9,16.143,905,1,1,1074.476,0.353,0.633,35.49,0.039,0.039,8332247,28873,326.756,1.132,38466,1.508,2382.85,0,tests performed,,25499881,3.202,37.9,15.504,10.129,44648.71,0.5,107.791,5.07,13,16.5,,3.84,83.44,0.939
AUS,Oceania,Australia,2020-10-21,27430,31,16.143,905,0,0.857,1075.691,1.216,0.633,35.49,0,0.034,8378006,45759,328.551,1.794,38359,1.504,2376.221,0,tests performed,,25499881,3.202,37.9,15.504,10.129,44648.71,0.5,107.791,5.07,13,16.5,,3.84,83.44,0.939
AUS,Oceania,Australia,2020-10-22,27444,14,14.714,905,0,0.143,1076.24,0.549,0.577,35.49,0,0.006,8423824,45818,330.348,1.797,38673,1.517,2628.262,0,tests performed,,25499881,3.202,37.9,15.504,10.129,44648.71,0.5,107.791,5.07,13,16.5,,3.84,83.44,0.939
AUS,Oceania,Australia,2020-10-23,27466,22,14.857,905,0,0.143,1077.103,0.863,0.583,35.49,0,0.006,,,,,38153,1.496,2567.99,0,tests performed,,25499881,3.202,37.9,15.504,10.129,44648.71,0.5,107.791,5.07,13,16.5,,3.84,83.44,0.939
AUS,Oceania,Australia,2020-10-24,27484,18,16.143,905,0,0.143,1077.809,0.706,0.633,35.49,0,0.006,,,,,37634,1.476,2331.31,0,tests performed,,25499881,3.202,37.9,15.504,10.129,44648.71,0.5,107.791,5.07,13,16.5,,3.84,83.44,0.939
AUS,Oceania,Australia,2020-10-25,27499,15,16.571,905,0,0.143,1078.397,0.588,0.65,35.49,0,0.006,8535842,,334.74,,37115,1.455,2239.698,0,tests performed,,25499881,3.202,37.9,15.504,10.129,44648.71,0.5,107.791,5.07,13,16.5,,3.84,83.44,0.939
AUS,Oceania,Australia,2020-10-26,27520,21,18.571,905,0,0.143,1079.221,0.824,0.728,35.49,0,0.006,8567028,31186,335.963,1.223,37665,1.477,2028.115,0,tests performed,,25499881,3.202,37.9,15.504,10.129,44648.71,0.5,107.791,5.07,13,16.5,,3.84,83.44,0.939
AUS,Oceania,Australia,2020-10-27,27527,7,18.286,905,0,0,1079.495,0.275,0.717,35.49,0,0,8598558,31530,337.2,1.236,38044,1.492,2080.531,0,tests performed,,25499881,3.202,37.9,15.504,10.129,44648.71,0.5,107.791,5.07,13,16.5,,3.84,83.44,0.939
AUS,Oceania,Australia,2020-10-28,27541,14,15.857,905,0,0,1080.044,0.549,0.622,35.49,0,0,,,,,,,,,,,25499881,3.202,37.9,15.504,10.129,44648.71,0.5,107.791,5.07,13,16.5,,3.84,83.44,0.939
